Enable,Playlist Name,Channel Name,Group Title,TVG Id,TVG Name,Duration,Stream URL,TVG Logo,Metadata,Test Result,Error Message
0,TVEPG AIO,[EPG Source],,,,-1,https://avkb.short.gy/epg.xml.gz,,[],SKIPPED,
0,IPTV EPG IN,[EPG Source],,,,-1,https://iptv-epg.org/files/epg-in.xml.gz,,[],SKIPPED,
1,11_FAST_IPTV_Z.m3u,& Picture HD,Indian Hindi,,,-1,https://d1g8wgjurz8via.cloudfront.net/bpk-tv/Andpictureshd/default/index.mpd,https://i.postimg.cc/XJ1SbVzN/20240823_022738.png,"['#KODIPROP:inputstream.adaptive.license_type=clearkey', '#KODIPROP:inputstream.adaptive.license_key=de8045e9f0fb4d03845dcc4a8bd7712a:6807bd09bda34ada83152908192af6d6']",OK,
1,13_SM_Combined.m3u,& Pictures HD,Toffee,,& Pictures HD,-1,https://bldcmprod-cdn.toffeelive.com/cdn/live/andpicture_hd/playlist.m3u8,https://assets-prod.services.toffeelive.com/QMwWnZUBtpl-Sbt7S2sx/posters/8cad9a82-842a-47bf-a060-f17011f11c07.png,"['#KODIPROP:inputstream.adaptive.stream_headers=Host=bldcmprod-cdn.toffeelive.com&cookie=Edge-Cache-Cookie%3DURLPrefix%3DaHR0cHM6Ly9ibGRjbXByb2QtY2RuLnRvZmZlZWxpdmUuY29t:Expires%3D1788739246:KeyName%3Dprod_linear:Signature%3DBoMUIUuOsNmvrWb1c0Q8jH_T5Cp35Ms_U4wmQ0V8VTLRREDi5YBnmHXjJC7IodtD5p3WMVxHDwZwNMdtD06JBQ&user-agent=okhttp/5.1.0&client-api-header=null&accept-encoding=gzip', '#EXTVLCOPT:http-user-agent=okhttp/5.1.0', '#EXTHTTP:{""Host"": ""bldcmprod-cdn.toffeelive.com"", ""cookie"": ""Edge-Cache-Cookie=URLPrefix=aHR0cHM6Ly9ibGRjbXByb2QtY2RuLnRvZmZlZWxpdmUuY29t:Expires=1788739246:KeyName=prod_linear:Signature=BoMUIUuOsNmvrWb1c0Q8jH_T5Cp35Ms_U4wmQ0V8VTLRREDi5YBnmHXjJC7IodtD5p3WMVxHDwZwNMdtD06JBQ"", ""client-api-header"": ""null"", ""accept-encoding"": ""gzip""}']",OK,
1,12_Sydul104_My.m3u,&Pictures,Hindi,0-9-pictures,,-1,https://stream.ottplus.bd/live/and_picture_hd_abr/live/and_picture_hd_720/chunks.m3u8,https://www.tsbi.in/wp-content/uploads/2020/10/Webp.net-resizeimage.png,['#https://d1g8wgjurz8via.cloudfront.net/bpk-tv/Andpictureshd/default/index.mpd'],OK,
1,15_IPTV_Org_IN.m3u,&Pictures (720p),Movies,Andpictures.in@SD,,-1,https://tvsen3.aynaott.com/jzT482XQ/index.m3u8,https://dtil.tmsimg.com/assets/GNLZZGG002FYK4V.png?lock=720x540,[],FAILED,Timeout on reading data from socket
1,15_IPTV_Org_IN.m3u,&TV HD (1080p),Movies,AndTV.in@HD,,-1,http://202.70.146.135:8000/play/a06c/index.m3u8,https://xstreamcp-assets-msp.streamready.in/assets/LIVETV/LIVECHANNEL/LIVETV_LIVETVCHANNEL_SYMANDTV/images/LOGO_HD/LOGO_HD_image.png,[],OK,
1,15_IPTV_Org_IN.m3u,&Xplor HD (1080p),Movies,AndxplorHD.in@HD,,-1,http://66.102.126.10:8000/play/a028/index.m3u8,https://xstreamcp-assets-msp.streamready.in/assets/LIVETV/LIVECHANNEL/LIVETV_LIVETVCHANNEL_SYMANDXPLOR_HD/images/LOGO_HD/LOGO_HD_image.png,[],OK,
1,15_IPTV_Org_IN.m3u,7S Music (576p),Music,7SMusic.in@SD,,-1,https://mumt03.tangotv.in/Dsly5z3H7SMUSIC/index.m3u8,https://i.imgur.com/zDiIhdN.png,[],OK,
1,11_FAST_IPTV_Z.m3u,8xm,Music,,,-1,https://vodzong.mjunoon.tv:8087/streamtest/8XM-131/playlist.m3u8,https://i.postimg.cc/4ythzNmp/KLrf-KRn.png,[],OK,
1,00_Live_Streams.m3u,9X Jalwa,Music,440,,-1,https://d1g8wgjurz8via.cloudfront.net/bpk-tv/9xjalwa2/default/main.mpd,https://jiotvimages.cdn.jio.com/dare_images/images/9X_Jalwa.png,[],OK,
1,11_FAST_IPTV_Z.m3u,9X Jalwa,Music,440,,-1,https://wiselp.wiseplayout.com/9X_Jalwa/master.m3u8,https://i.postimg.cc/BnSQC8xm/unnamed.jpg,[],OK,
1,15_IPTV_Org_IN.m3u,9X Jalwa (1080p),Music,9XJalwa.in@SD,,-1,https://wiselp.wiseplayout.com/9X_Jalwa/master.m3u8,https://xstreamcp-assets-msp.streamready.in/assets/LIVETV/LIVECHANNEL/LIVETV_LIVETVCHANNEL_9X_JALWA/images/LOGO_HD/image.png,[],OK,
1,15_IPTV_Org_IN.m3u,9X Jhakaas (1080p),Music,9XJhakaas.in@SD,,-1,https://amg01281-9xmediapvtltd-9xjhakaas-samsungin-ci2cs.amagi.tv/playlist/amg01281-9xmediapvtltd-9xjhakaas-samsungin/playlist.m3u8,https://dtil.tmsimg.com/assets/s90012_ld_h15_aa.png?lock=720x540,[],FAILED,HTTP Error: 403 Forbidden
1,00_Live_Streams.m3u,9X Jhakkas,Music,,,-1,https://d1g8wgjurz8via.cloudfront.net/bpk-tv/9xjhakaas2/default/main.mpd,https://jiotvimages.cdn.jio.com/dare_images/images/9x_Jhakaas.png,[],OK,
1,00_Live_Streams.m3u,9X Tashan,Sm_iptv,732,,-1,https://d1g8wgjurz8via.cloudfront.net/bpk-tv/9xtashan2/default/main.mpd,https://jiotvimages.cdn.jio.com/dare_images/images/9X_Tashan.png,[],OK,
1,15_IPTV_Org_IN.m3u,9X Tashan (1080p),Music,9XTashan.in@SD,,-1,https://amg01281-9xmediapvtltd-9xtashan-samsungin-xz1sd.amagi.tv/playlist/amg01281-9xmediapvtltd-9xtashan-samsungin/playlist.m3u8,https://xstreamcp-assets-msp.streamready.in/assets/LIVETV/LIVECHANNEL/LIVETV_LIVETVCHANNEL_9X_TASHAN/images/LOGO_HD/image.png,[],FAILED,HTTP Error: 403 Forbidden
1,00_Live_Streams.m3u,9XM,Music,587,,-1,https://d1g8wgjurz8via.cloudfront.net/bpk-tv/9xm2/default/main.mpd,https://jiotvimages.cdn.jio.com/dare_images/images/9XM.png,[],OK,
1,11_FAST_IPTV_Z.m3u,9XM,Music,587,,-1,https://wiselp.wiseplayout.com/9XM/master.m3u8,https://i.postimg.cc/SRKS6TwR/20240823_022008.png,[],OK,
1,13_SM_Combined.m3u,9XM,Sm All TV,587,,-1,https://jioplaylistdown.yecic62314.workers.dev/live.m3u8?id=587,https://i.postimg.cc/SRKS6TwR/20240823_022008.png,[],FAILED,HTTP Error: 404 Not Found
1,15_IPTV_Org_IN.m3u,9XM (1080p),Music,9XM.in@SD,,-1,https://9xjio.wiseplayout.com/9XM/master.m3u8,https://xstreamcp-assets-msp.streamready.in/assets/LIVETV/LIVECHANNEL/LIVETV_LIVETVCHANNEL_9XM/images/LOGO_HD/image.png,[],OK,
1,13_SM_Combined.m3u,Aap Ki Adalat,Sm All TV,3025,,-1,https://amg01550-indiatv-indiatv-aapkiadalat-mi-xiaomi-n5tuk.amagi.tv/playlist/amg01550-indiatv-indiatv-aapkiadalat-mi-xiaomi/playlist.m3u8,https://yt3.googleusercontent.com/-LKDkXmG8y-gkKDzES5aUI8SYFtDXR8F7351cCACb8OP0ap9MkI5moxwFLoAWNRjVEXKJmH3pQ=s72-c-k-c0x00ffffff-no-rj,[],OK,
1,15_IPTV_Org_IN.m3u,Aastha SD (576p),Religious,Aastha.in@SD,,-1,http://103.175.73.12:8080/live/338/master.m3u8,https://i.imgur.com/IqgrV92.png,"['#EXTVLCOPT:http-user-agent=#EXTVLCOPT:http-user-agent=Mozilla/5.0 (Windows NT 10.0; Win64; x64) AppleWebKit/537.36 (KHTML, like Gecko) Chrome/147.0.0.0 Safari/537.36']",FAILED,"Cannot connect to host 103.175.73.12:8080 ssl:False [Connect call failed ('103.175.73.12', 8080)]"
1,13_SM_Combined.m3u,Action Hollywood Movies,Sm All TV,,,-1,https://amg01076-lightningintern-actionhollywood-samsungnz-82rry.amagi.tv/playlist/amg01076-lightningintern-actionhollywood-samsungnz/playlist.m3u8,https://encrypted-tbn0.gstatic.com/images?q=tbn:ANd9GcSw1zW8RLLNCQm6UHcIIJZlscOB5vhs7BF2I7SfTthYGv3LtHeRSut2-Ag&s=10,[],OK,
1,00_Live_Streams.m3u,Akash Aath,Sm All TV,698,,-1,http://103.175.73.12:8080/live/660/660_0.m3u8,https://static.wikia.nocookie.net/logopedia/images/f/fb/Aakashaath_blue.png,[],FAILED,"Cannot connect to host 103.175.73.12:8080 ssl:False [Connect call failed ('103.175.73.12', 8080)]"
1,12_Sydul104_My.m3u,Akash Aath,Indian Bangla,698,,-1,https://live.thebosstv.com:30443/dwlive/AAKAASH-AATH/chunks.m3u8,https://yt3.ggpht.com/ytc/AKedOLStHh2dnAyRzexuxwISlK8CPWNQb09Xr4tpYGBM=s900-c-k-c0x00ffffff-no-rj,[],FAILED,"Cannot connect to host live.thebosstv.com:30443 ssl:False [Connect call failed ('137.184.250.35', 30443)]"
1,13_SM_Combined.m3u,Akash Aath,Sm All TV,698,,-1,https://live.thebosstv.com:30443/dwlive/AAKAASH-AATH/chunks.m3u8,https://yt3.ggpht.com/ytc/AKedOLStHh2dnAyRzexuxwISlK8CPWNQb09Xr4tpYGBM=s900-c-k-c0x00ffffff-no-rj,[],FAILED,"Cannot connect to host live.thebosstv.com:30443 ssl:False [Connect call failed ('137.184.250.35', 30443)]"
1,00_Live_Streams.m3u,Akash Go,Bangla,,,-1,https://owrcovcrpy.gpcdn.net/bpk-tv/1707/output/index.m3u8,https://raw.githubusercontent.com/BadhanStrom/img/refs/heads/main/akash%20go.png,[],FAILED,HTTP Error: 403 Forbidden
1,13_SM_Combined.m3u,Akhon TV,Sm All TV,,,-1,https://app24.jagobd.com.bd/c3VydmVyX8RpbEU9Mi8xNy8yMFDEEHGcfRgzQ6NTAgdEoaeFzbF92YWxIZTO0U0ezN1IzMyfvcEdsEfeDeKiNkVN3PTOmdFseWRtaW51aiPhnPTI2/globaltv.stream/tracks-v1a1/mono.m3u8,https://www.jagobd.com/wp-content/uploads/2024/08/ekhontv.jpg,[],OK,
1,12_Sydul104_My.m3u,Al Jazeera,English News,AlJazeera.in,,-1,https://owrcovcrpy.gpcdn.net/bpk-tv/1721/output/index.m3u8,https://1000logos.net/wp-content/uploads/2020/08/Al-Jazeera-Logo.jpg,"['#https://d35j504z0x2vu2.cloudfront.net/v1/master/0bc8e8376bd8417a1b6761138aa41c26c7309312/al-jazeera-english/master.m3u8', '#https://live-hls-web-aje.getaj.net/AJE/02.m3u8']",FAILED,HTTP Error: 403 Forbidden
1,13_SM_Combined.m3u,Al Jazeera,Sm All TV,169000,Al Jazeera,-1,https://owrcovcrpy.gpcdn.net/bpk-tv/1721/output/index.m3u8,https://tstatic.akash-go.com/cms-ui/images/custom-content/1777454219313.png,[],FAILED,HTTP Error: 403 Forbidden
1,13_SM_Combined.m3u,Al Jazeera HD,Sm All TV,AlJazeera.in,,-1,https://sm-iptv.sm-monirul-islam-rs.workers.dev/aynaott/aljazeera_news/index.m3u8,https://tstatic.akash-go.com/cms-ui/images/custom-content/1777454219313.png,[],FAILED,HTTP Error: 404 Not Found
1,13_SM_Combined.m3u,Al Quran,Sm All TV,245000,Al Quran,-1,http://fastshare1.com:8080//live/25711345/late8airline/319505.ts,https://tstatic.akash-go.com/cms-ui/images/custom-content/1778086065071.png,[],FAILED,HTTP Error: 401 Unauthorized
1,13_SM_Combined.m3u,Al Quran,Sm All TV,,,0,http://fastshare1.com:8080//live/25711345/late8airline/319505.ts,http://www.jagobd.com/wp-content/uploads/2020/05/MakkahLive.jpg,[],FAILED,HTTP Error: 401 Unauthorized
1,00_Live_Streams.m3u,Aljazeera News,Aynaott,,,-1,https://owrcovcrpy.gpcdn.net/bpk-tv/1721/output/index.m3u8,https://logos-world.net/wp-content/uploads/2023/04/Al-Jazeera-Logo.png,[],FAILED,HTTP Error: 403 Forbidden
1,15_IPTV_Org_IN.m3u,All Time Movies (576p),Movies,AllTimeMovies.in@SD,,-1,https://streams.tangotv.in/ALLTIMEMOVIES/ORIGIN/index.m3u8,https://xstreamcp-assets-msp.streamready.in/assets/LIVETV/LIVECHANNEL/LIVETV_LIVETVCHANNEL_ALL_TIME_MOVIES/images/LOGO_HD/image.png,[],FAILED,Timeout on reading data from socket
1,11_FAST_IPTV_Z.m3u,Alpha (2026),Movies,,,-1,https://pub-4e135af7e68844d8816cb0f642379557.r2.dev/CINEFREAK.TOP%20-%20Alpha%20%282026%29%20DS4K%20WEB-DL%20%5BHindi%5D%20720p%20HEVC%20ESub.mkv,https://image.tmdb.org/t/p/w600_and_h900_bestv2/nuLMioRauQacj4bRXRsJX9Oe5H6.jpg,[],OK,
1,13_SM_Combined.m3u,Amar Bangla,Sm All TV,1962,,-1,https://app.ncare.live/c3VydmVyX8RpbEU9Mi8xNy8yMDE0GIDU6RgzQ6NTAgdEoaeFzbF92YWxIZTO0U0ezN1IzMyfvcGVMZEJCTEFWeVN3PTOmdFsaWRtaW51aiPhnPTI/amarbanglatv.stream/playlist.m3u8,https://i.ibb.co/CPmLfGs/Amar-Bangla.png,[],FAILED,HTTP Error: 404 Not Found
1,11_FAST_IPTV_Z.m3u,Ananda,Bangladeshi,672,,-1,https://tvsen6.aynaott.com/LeUAm4F1iixYns3s3Non/index.m3u8,https://i.postimg.cc/SKKgpWF8/20240822-231026.png,[],OK,
1,13_SM_Combined.m3u,Anando TV,Sm All TV,,,-1,https://tvsen6.aynaott.com/LeUAm4F1iixYns3s3Non/tracks-v1a1/mono.ts.m3u8,"https://assets-prod.services.toffeelive.com/f_png,w_300,q_85/wCM3l5sBEef-9-uVXFvD/posters/d80f7aee-5bd7-4edc-97eb-ead0e3ebbe09.png",[],OK,
1,00_Live_Streams.m3u,And Pictures,Roarzone,1839,,-1,https://d1g8wgjurz8via.cloudfront.net/bpk-tv/Andpictures/default/manifest.mpd,https://static.wikia.nocookie.net/logopedia/images/e/ed/%26Pictures_%282025%29.svg,[],OK,
1,00_Live_Streams.m3u,And Pictures HD,Aynaott,185,,-1,https://d1g8wgjurz8via.cloudfront.net/bpk-tv/Andpictureshd/default/index.mpd,https://static.wikia.nocookie.net/logopedia/images/1/10/%26Pictures_HD_%282025%29.svg,[],OK,
1,13_SM_Combined.m3u,And Pictures HD,Sm All TV,and_pictures_hd,And Pictures HD,-1,https://stream.ottplus.bd/live/and_picture_hd_abr/live/and_picture_hd_720/l_601121_209412000_52353.ts?nimblesessionid=123758089,https://web.aynaott.com/storage/019dd92f-107c-7056-9e79-e5233f6e51d9/uploads/images/2026-07-08/images_b29360e9b3bf9d3ce34bd67d06d7c004_playmist_and_pictures_hd_400x400.jpg,[],FAILED,HTTP Error: 403 Forbidden
1,00_Live_Streams.m3u,Animal Planet I,Documentary,AnimalPlanet.in,,-1,https://v4-pan-n79-cdn-01.live.cdn.cgates.lt/live/dash/561803/index.mpd,https://raw.githubusercontent.com/BadhanStrom/img/refs/heads/main/animal_planet_white.png,[],FAILED,HTTP Error: 403 
1,00_Live_Streams.m3u,Animal Planet II,Documentary,AnimalPlanet.in,,-1,https://qp-pldt-live-bpk-01-prod.akamaized.net/bpk-tv/cg_animal_planet_sd/default/index.mpd,https://raw.githubusercontent.com/BadhanStrom/img/refs/heads/main/animal_planet_white.png,[],FAILED,HTTP Error: 403 Forbidden
1,15_IPTV_Org_IN.m3u,Arputhar Yesu TV (576p),Religious,ArputharYesuTV.in@SD,,-1,https://account33.livebox.co.in/jesushelpshls/live.m3u8,https://arputharyesutv.net/wp-content/uploads/2022/07/AR-LOGO-PNG.png,[],OK,
1,15_IPTV_Org_IN.m3u,Asianet Movies HD (720p),Movies,AsianetMovies.in@HD,,-1,https://da86m1sqpm3o0.cloudfront.net/28072023/smil:asianetmovies1.smil/playlist.m3u8,https://i.imgur.com/cps67hs.png,[],OK,
1,00_Live_Streams.m3u,ATN Bangla,Toffee,,,-1,https://owrcovcrpy.gpcdn.net/bpk-tv/1722/output/index.m3u8,https://raw.githubusercontent.com/BadhanStrom/img/refs/heads/main/ATN_Bangla.png,[],FAILED,HTTP Error: 403 Forbidden
1,11_FAST_IPTV_Z.m3u,ATN Bangla,Bangladeshi,,,-1,https://tvsen5.aynaott.com/P3y2URgG7LDe/index.m3u8,https://raw.githubusercontent.com/ahan443/logo/refs/heads/main/atn%20bangla.png,[],OK,
1,12_Sydul104_My.m3u,ATN Bangla,Bangla,,,-1,https://app.ncare.live/c3VydmVyX8RpbEU9Mi8xNy8yMDE0GIDU6RgzQ6NTAgdEoaeFzbF92YWxIZTO0U0ezN1IzMyfvcGVMZEJCTEFWeVN3PTOmdFsaWRtaW51aiPhnPTI2/atnbanglauk-off.stream/playlist.m3u8,https://s6.gifyu.com/images/image27cfa7002786c232.png,[],OK,
1,13_SM_Combined.m3u,ATN Bangla,Sm All TV,,,-1,https://tvsen5.aynaott.com/atnbangla/index.m3u8,https://web.aynaott.com/storage/019dd92f-107c-7056-9e79-e5233f6e51d9/uploads/images/2026-06-24/3a36a406fcc9616cd0b32514bb29eb36.jpg,[],OK,
1,14_IPTV_Org_BD.m3u,ATN Bangla (720p),General,ATNBangla.bd@SD,,-1,http://tvsen5.aynascope.net/atnbangla/index.m3u8,https://i.imgur.com/K1HmMRz.png,[],OK,
1,12_Sydul104_My.m3u,ATN Music,Music,,,-1,https://app.ncare.live/c3VydmVyX8RpbEU9Mi8xNy8yMDE0GIDU6RgzQ6NTAgdEoaeFzbF92YWxIZTO0U0ezN1IzMyfvcGVMZEJCTEFWeVN3PTOmdFsaWRtaW51aiPhnPTI/atnmusic.stream/playlist.m3u8,https://i.ytimg.com/vi/ZKFyzan2-xo/maxresdefault_live.jpg,[],OK,
1,14_IPTV_Org_BD.m3u,ATN Music (360p),Music,ATNMusic.bd@SD,,-1,https://app.ncare.live/c3VydmVyX8RpbEU9Mi8xNy8yMDE0GIDU6RgzQ6NTAgdEoaeFzbF92YWxIZTO0U0ezN1IzMyfvcGVMZEJCTEFWeVN3PTOmdFsaWRtaW51aiPhnPTI/atnmusic.stream/playlist.m3u8,https://www.jagobd.com/wp-content/uploads/2015/12/atnmusic.jpg?x50681,[],FAILED,HTTP Error: 500 Internal Server Error
1,00_Live_Streams.m3u,ATN News,Toffee,,,-1,https://owrcovcrpy.gpcdn.net/bpk-tv/1706/output/index.m3u8,https://static.wikia.nocookie.net/etv-gspn-bangla/images/4/4d/ATN_News_HD.png,[],FAILED,HTTP Error: 403 Forbidden
1,11_FAST_IPTV_Z.m3u,ATN News,Bangladeshi,,,-1,https://tvsen6.aynaott.com/da6WMXAk/index.m3u8,https://i.postimg.cc/W4SwWtd3/20240822-225840.png,[],OK,
1,13_SM_Combined.m3u,ATN News,Sm All TV,93000,ATN News,-1,https://tvsen5.aynaott.com/P3y2URgG7LDe/index.m3u8,https://tstatic.akash-go.com/cms-ui/images/custom-content/1739962961772.png,[],OK,
1,13_SM_Combined.m3u,ATN News,Sm All TV,,,-1,https://tvsen6.aynaott.com/da6WMXAk/index.m3u8,https://tstatic.akash-go.com/cms-ui/images/custom-content/1739962961772.png,[],OK,
1,12_Sydul104_My.m3u,ATN News [bd],Bangla,,,-1,https://owrcovcrpy.gpcdn.net/bpk-tv/1706/output/index.m3u8,https://dl.dropbox.com/s/4ldi1dp09s8o6bm/atn_news_bd.png,[],FAILED,HTTP Error: 403 Forbidden
1,13_SM_Combined.m3u,Ayna TV,Sm All TV,,,-1,https://app24.jagobd.com.bd/c3VydmVyX8RpbEU9Mi8xNy8yMFDEEHGcfRgzQ6NTAgdEoaeFzbF92YWxIZTO0U0ezN1IzMyfvcEdsEfeDeKiNkVN3PTOmdFseWRtaW51aiPhnPTI2/ayna.stream/tracks-v1a1/mono.m3u8,https://blogger.googleusercontent.com/img/b/R29vZ2xl/AVvXsEgBhxAik9rvkpRV33kdDl-2drT2X3Y2cU_-lrjlMpmIxzBAGCN50afZnqx8vvxgmbaTVZmYITeOyTW1Fg_CAItfNfgRwsrTcxaB1pecb0Z74oky6LcgXFGIAOz8w8IijqMpMo4dUJ8aMsAF4A0x9Xwt57UCZYxhtEpRfOdqTzmfwVjICILOqg9QPbOFww/s1080/1000021053.png,[],FAILED,Timeout on reading data from socket
1,13_SM_Combined.m3u,Azan TV,Sm All TV,,,0,https://dbcanada.sonarbanglatv.com/azantv/atv/index.m3u8,http://www.jagobd.com/wp-content/uploads/2020/05/MakkahLive.jpg,[],OK,
1,14_IPTV_Org_BD.m3u,Azan TV,Religious,AzanTV.ca@SD,,-1,https://dbcanada.sonarbanglatv.com/azantv/atv/index.m3u8,https://i.imgur.com/JlqS6I4.jpeg,[],OK,
1,13_SM_Combined.m3u,B4U Kadak,Sm All TV,1295,,-1,https://cdn-2.pishow.tv/live/227/master.m3u8,https://static.wikia.nocookie.net/logopedia/images/a/ab/B4U_Kadak.jpeg,[],FAILED,HTTP Error: 404 Not Found
1,15_IPTV_Org_IN.m3u,B4U Kadak (576p),Movies,B4UKadak.in@SD,,-1,https://streams.tangotv.in/B4UKADAK/ORIGIN/index.m3u8,https://dtil.tmsimg.com/assets/s142695_ld_h15_aa.png?lock=720x540,[],OK,
1,12_Sydul104_My.m3u,B4U Movies,Hindi,182,,-1,https://amg00877-b4unew-amg00877c2-xiaomi-in-5489.playouts.now.amagi.tv/playlist.m3u8,https://i.postimg.cc/CLPr6gq6/IMG-20220828-165715.jpg,[],OK,
1,13_SM_Combined.m3u,B4U Movies,Sm All TV,182,,-1,https://amg00877-b4unew-amg00877c2-xiaomi-in-5489.playouts.now.amagi.tv/playlist.m3u8,https://otapp.store/uploads/tv_image/sm/b4u-movies.png,[],OK,
1,15_IPTV_Org_IN.m3u,B4U Movies (576p),Movies,B4UMovies.in@India,,-1,https://streams.tangotv.in/B4UMOVIES/ORIGIN/index.m3u8,https://i.imgur.com/M9kMFJl.png,[],OK,
1,13_SM_Combined.m3u,B4U Movies Apac,Toffee,182,B4U Movies APAC,-1,https://bldcmprod-cdn.toffeelive.com/cdn/live/b4u_movies/playlist.m3u8,https://assets-prod.services.toffeelive.com/PC6F-JQBv9knK3AHlTUO/posters/fb0243ba-39a0-4101-a78c-c197be550c6c.webp,"['#KODIPROP:inputstream.adaptive.stream_headers=Host=bldcmprod-cdn.toffeelive.com&cookie=Edge-Cache-Cookie%3DURLPrefix%3DaHR0cHM6Ly9ibGRjbXByb2QtY2RuLnRvZmZlZWxpdmUuY29t:Expires%3D1788739246:KeyName%3Dprod_linear:Signature%3DBoMUIUuOsNmvrWb1c0Q8jH_T5Cp35Ms_U4wmQ0V8VTLRREDi5YBnmHXjJC7IodtD5p3WMVxHDwZwNMdtD06JBQ&user-agent=okhttp/5.1.0&client-api-header=null&accept-encoding=gzip', '#EXTVLCOPT:http-user-agent=okhttp/5.1.0', '#EXTHTTP:{""Host"": ""bldcmprod-cdn.toffeelive.com"", ""cookie"": ""Edge-Cache-Cookie=URLPrefix=aHR0cHM6Ly9ibGRjbXByb2QtY2RuLnRvZmZlZWxpdmUuY29t:Expires=1788739246:KeyName=prod_linear:Signature=BoMUIUuOsNmvrWb1c0Q8jH_T5Cp35Ms_U4wmQ0V8VTLRREDi5YBnmHXjJC7IodtD5p3WMVxHDwZwNMdtD06JBQ"", ""client-api-header"": ""null"", ""accept-encoding"": ""gzip""}']",OK,
1,11_FAST_IPTV_Z.m3u,B4U Music,Music,183,,-1,https://stream.ottplus.bd/live/b4u_music_abr/index.m3u8,https://i.postimg.cc/0N2VWksB/channels4-profile.jpg,[],OK,
1,12_Sydul104_My.m3u,B4U Music,Music,183,,-1,https://amg00877-b4unew-amg00877c3-xiaomi-in-5474.playouts.now.amagi.tv/1080p/index.m3u8,https://seeklogo.com/images/B/b4u-music-logo-12FA930444-seeklogo.com.png,"['#https://d3kdywbtdfbp9z.cloudfront.net/v1/manifest/93ce20f0f52760bf38be911ff4c91ed02aa2fd92/dff423e0-3c82-46d6-9ecb-3baa96b5694a/4598c408-0e38-488c-9b64-fc845d1ea2b6/0.m3u8', '#https://cdn-2.pishow.tv/live/415/415_2.m3u8', '#https://cdn-2.pishow.tv/live/415/master.m3u8']",OK,
1,13_SM_Combined.m3u,B4U Music,Toffee,183,B4U Music,-1,https://bldcmprod-cdn.toffeelive.com/cdn/live/b4u_music/playlist.m3u8,https://assets-prod.services.toffeelive.com/PS6F-JQBv9knK3AHqjVz/posters/0f83ee72-be0f-4861-94df-30b158d3df8d.webp,"['#KODIPROP:inputstream.adaptive.stream_headers=Host=bldcmprod-cdn.toffeelive.com&cookie=Edge-Cache-Cookie%3DURLPrefix%3DaHR0cHM6Ly9ibGRjbXByb2QtY2RuLnRvZmZlZWxpdmUuY29t:Expires%3D1788739246:KeyName%3Dprod_linear:Signature%3DBoMUIUuOsNmvrWb1c0Q8jH_T5Cp35Ms_U4wmQ0V8VTLRREDi5YBnmHXjJC7IodtD5p3WMVxHDwZwNMdtD06JBQ&user-agent=okhttp/5.1.0&client-api-header=null&accept-encoding=gzip', '#EXTVLCOPT:http-user-agent=okhttp/5.1.0', '#EXTHTTP:{""Host"": ""bldcmprod-cdn.toffeelive.com"", ""cookie"": ""Edge-Cache-Cookie=URLPrefix=aHR0cHM6Ly9ibGRjbXByb2QtY2RuLnRvZmZlZWxpdmUuY29t:Expires=1788739246:KeyName=prod_linear:Signature=BoMUIUuOsNmvrWb1c0Q8jH_T5Cp35Ms_U4wmQ0V8VTLRREDi5YBnmHXjJC7IodtD5p3WMVxHDwZwNMdtD06JBQ"", ""client-api-header"": ""null"", ""accept-encoding"": ""gzip""}']",OK,
1,15_IPTV_Org_IN.m3u,B4U Music (576p),Music,B4UMusic.in@India,,-1,https://cdn-2.pishow.tv/live/415/master.m3u8,https://dtil.tmsimg.com/assets/s158141_ld_h15_aa.png?lock=720x540,[],FAILED,HTTP Error: 404 Not Found
1,12_Sydul104_My.m3u,Bangla Movies,Bangla,,,-1,https://live20.bozztv.com/giatvplayout7/giatv-209627/tracks-v1a1/mono.ts.m3u8,,[],OK,
1,11_FAST_IPTV_Z.m3u,Bangla TV,Bangladeshi,1962,,-1,https://tvsen6.aynaott.com/39ee93nUbCCmm5LsyD4t/index.m3u8,https://i.postimg.cc/kXrYt6K3/20240822-230901.png,[],OK,
1,13_SM_Combined.m3u,Bangla TV,Sm All TV,1962,,-1,https://cdn.ghuddi.live/Bangla_TV/Bangla_TV_BD/playlist.m3u8,"https://assets-prod.services.toffeelive.com/f_png,w_300,q_85/JiK-_poBEef-9-uVZv6L/posters/757a328e-70d6-45de-b093-0a843c69ade7.png",[],OK,
1,13_SM_Combined.m3u,Bangla TV,Toffee,1962,Bangla TV,-1,https://bldcmprod-cdn.toffeelive.com/cdn/live/bangla_tv/playlist.m3u8,https://assets-prod.services.toffeelive.com/JiK-_poBEef-9-uVZv6L/posters/757a328e-70d6-45de-b093-0a843c69ade7.png,"['#KODIPROP:inputstream.adaptive.stream_headers=Host=bldcmprod-cdn.toffeelive.com&cookie=Edge-Cache-Cookie%3DURLPrefix%3DaHR0cHM6Ly9ibGRjbXByb2QtY2RuLnRvZmZlZWxpdmUuY29t:Expires%3D1788739249:KeyName%3Dprod_linear:Signature%3DvvvopE1jW8UXD0_furLQy45jBbjoBJ6udZ7LiUxC1u0dIzFQA-RbJRaBb_eDlrsfHVmVp1msbPmWRruK-GAaDw&user-agent=okhttp/5.1.0&client-api-header=null&accept-encoding=gzip', '#EXTVLCOPT:http-user-agent=okhttp/5.1.0', '#EXTHTTP:{""Host"": ""bldcmprod-cdn.toffeelive.com"", ""cookie"": ""Edge-Cache-Cookie=URLPrefix=aHR0cHM6Ly9ibGRjbXByb2QtY2RuLnRvZmZlZWxpdmUuY29t:Expires=1788739249:KeyName=prod_linear:Signature=vvvopE1jW8UXD0_furLQy45jBbjoBJ6udZ7LiUxC1u0dIzFQA-RbJRaBb_eDlrsfHVmVp1msbPmWRruK-GAaDw"", ""client-api-header"": ""null"", ""accept-encoding"": ""gzip""}']",OK,
1,00_Live_Streams.m3u,Bangla TV HD,Bangla,,,-1,http://116.204.149.16/banglatv/index.m3u8,https://i.ibb.co.com/w2ssfRW/BANGLA-TV-HD.png,[],OK,
1,13_SM_Combined.m3u,Bangla Vision,Sm All TV,100000,,-1,https://tvsen5.aynaott.com/tgUzpPc9r6xw/index.m3u8,https://tstatic.akash-go.com/cms-ui/images/custom-content/1735561344354.png,[],OK,
1,13_SM_Combined.m3u,Bangla Vision,Sm All TV,100000,Bangla Vision,-1,https://tvsen5.aynaott.com/tgUzpPc9r6xw/index.m3u8,https://tstatic.akash-go.com/cms-ui/images/custom-content/1735561344354.png,[],OK,
1,14_IPTV_Org_BD.m3u,Bangla Vision (720p),General,BanglaVision.bd@SD,,-1,https://tvsen5.aynaott.com/banglavision/index.m3u8,https://i.imgur.com/nCWgp38.png,[],OK,
1,12_Sydul104_My.m3u,Bangla+ HD,Indian Bangla,,,-1,https://live-stream.utkalbongo.com/hls/livebanglatvstream.m3u8,https://dl.dropbox.com/s/8z5yuaoyryedp6l/ZB.jpg,[],OK,
1,12_Sydul104_My.m3u,Bangladesh Betar,FM Radio,,,-1,https://as1.digitalsynapsebd.com/proxy/bbrajmw/stream/1/,https://encrypted-tbn0.gstatic.com/images?q=tbn:ANd9GcTwB7VrdMk9Dcmw5OWzADyfTfHEECFheXfQRg&s,[],OK,
1,00_Live_Streams.m3u,BanglaVision,Bangla,,,-1,https://owrcovcrpy.gpcdn.net/bpk-tv/1715/output/index.m3u8,https://static.wikia.nocookie.net/etv-gspn-bangla/images/c/c0/Banglavision_HD.png,[],FAILED,HTTP Error: 403 Forbidden
1,11_FAST_IPTV_Z.m3u,BanglaVision,Bangladeshi,,,-1,https://tvsen5.aynaott.com/tgUzpPc9r6xw/index.m3u8,https://i.postimg.cc/L83Ngf3C/banglavision.webp,[],OK,
1,12_Sydul104_My.m3u,BanglaVision,Bangla,,,-1,https://owrcovcrpy.gpcdn.net/bpk-tv/1715/output/index.m3u8,https://s4.gifyu.com/images/image5c0bfa6b281be803.png,['#http://103.175.242.10:8080/banglavision/index.m3u8'],FAILED,HTTP Error: 403 Forbidden
1,13_SM_Combined.m3u,Bantul The Great,Cartoon,,,-1,https://live20.bozztv.com/giatvplayout7/giatv-209869/tracks-v1a1/mono.ts.m3u8,https://image.tmdb.org/t/p/w500/zzCZIvKcfPNQ4RbaMIakmC7ISKQ.jpg,[],OK,
1,12_Sydul104_My.m3u,BBC Bangla,FM Radio,,,-1,https://a.files.bbci.co.uk/ms6/live/3441A116-B12E-4D2F-ACA8-C1984642FA4B/audio/simulcast/dash/nonuk/cellular_main_sd_abr_v2/cfs/bbc_world_service.mpd,https://cdn.instant.audio/images/logos/radio-bd-com/bbc-bangla.png,[],OK,
1,13_SM_Combined.m3u,BBC Bangla,Sm All TV,,,-1,https://a.files.bbci.co.uk/ms6/live/3441A116-B12E-4D2F-ACA8-C1984642FA4B/audio/simulcast/dash/nonuk/cellular_main_sd_abr_v2/cfs/bbc_world_service.mpd,https://cdn.instant.audio/images/logos/radio-bd-com/bbc-bangla.png,[],OK,
1,12_Sydul104_My.m3u,BBC Earth,Documentary,821,,-1,https://amg00793-amg00793c6-xumo-us-2669.playouts.now.amagi.tv/BBCStudios-BBCEarthA-hls/playlist540p.m3u8,https://upload.wikimedia.org/wikipedia/en/4/44/BBC_Earth_logo.png,[],OK,
1,00_Live_Streams.m3u,BBC Earth HD,Documentary,821,,-1,https://qp-pldt-live-bpk-01-prod.akamaized.net/bpk-tv/cg_bbcearth_hd1/default/index/default/index.mpd,https://imgur.com/QMB9sFW.png,[],FAILED,HTTP Error: 403 Forbidden
1,13_SM_Combined.m3u,BBC World,Sm All TV,142,,-1,http://bigenterprise.live:8080/live/00612533/17905940/999753.ts,https://web.aynaott.com/storage/019dd92f-107c-7056-9e79-e5233f6e51d9/uploads/images/2026-07-16/images_bea6d56aa19a59e2bc272736880a97f3_playmist_bbc_news_400x400.jpg,[],OK,
1,13_SM_Combined.m3u,BeIN Sports,Sm All TV,,,-1,http://premiumtvs.space/live/YqXTywueEV/damp2purchase/6625.ts,https://i.postimg.cc/yNQfGnnb/RLr-MBlm.png,[],OK,
1,11_FAST_IPTV_Z.m3u,BeIN Sports 2,Sports,,,-1,https://andro.226503.xyz/checklist/androstreamlivebs2.m3u8,https://i.postimg.cc/FzGdttZ1/20250120_193818.png,[],OK,
1,11_FAST_IPTV_Z.m3u,BeIN Sports 3,Sports,,,-1,https://andro.226503.xyz/checklist/androstreamlivebs3.m3u8,https://i.postimg.cc/B6TPgPPT/20250120_193903.png,[],OK,
1,11_FAST_IPTV_Z.m3u,BeIN Sports 4,Sports,,,-1,https://andro.226503.xyz/checklist/androstreamlivebs4.m3u8,https://i.postimg.cc/B6TPgPPT/20250120_193903.png,[],OK,
1,11_FAST_IPTV_Z.m3u,BeIN Sports 5,Sports,,,-1,https://andro.226503.xyz/checklist/androstreamlivebs5.m3u8,https://i.postimg.cc/B6TPgPPT/20250120_193903.png,[],OK,
1,11_FAST_IPTV_Z.m3u,Bengali Beats,Music,,,-1,https://live20.bozztv.com/giatvplayout7/giatv-209587/tracks-v1a1/mono.ts.m3u8,https://i.postimg.cc/jSLNzXgM/Bengali-Beats.png,[],OK,
1,12_Sydul104_My.m3u,Bflix Movies,Hindi,,,-1,https://cdn-2.pishow.tv/live/1459/master.m3u8,https://www.tvchannelpricelist.com/wp-content/uploads/channels-logo-300/bflix-movies-logo-300x300.jpg,[],FAILED,HTTP Error: 404 Not Found
1,15_IPTV_Org_IN.m3u,Bharat24 (576p),News,Bharat24.in@SD,,-1,https://streams.tangotv.in/BHARAT24/ORIGIN/index.m3u8,https://dtil.tmsimg.com/assets/s142710_ld_h15_aa.png?lock=720x540,[],OK,
1,12_Sydul104_My.m3u,Big FM,FM Radio,,,-1,https://stream-155.zeno.fm/dbstwo3dvhhtv?zt=eyJhbGciOiJIUzI1NiJ9.eyJzdHJlYW0iOiJkYnN0d28zZHZoaHR2IiwiaG9zdCI6InN0cmVhbS0xNTUuemVuby5mbSIsInJ0dGwiOjUsImp0aSI6Ildyc0FrY1pjVG9TRWNtb0VWaVVSeVEiLCJpYXQiOjE3NjA1MzAxMDYsImV4cCI6MTc2MDUzMDE2Nn0.J8jfwwhlPxuUeiDtSglHlvNTltpWVhuNxK2cHPy_4to,https://spicefmbd.com/logospice.png,[],OK,
1,13_SM_Combined.m3u,Big Magic,Sm All TV,1359,,-1,http://rgkkw.live:80/live/1Aoen7elp5/IgMJ60tmAa/355253.ts,https://encrypted-tbn0.gstatic.com/images?q=tbn:ANd9GcRWZvoj7sQem7dOoLMmPtCzKgSxaHVEJi6L6uBRFeJ33gfyFug_Yh96Z1U&s=10,[],OK,
1,11_FAST_IPTV_Z.m3u,Boishakhi,Bangladeshi,,,-1,https://tvsen6.aynaott.com/1d3uG9VCgrR9DRtWZM57/index.m3u8,https://i.postimg.cc/5NFp4xR7/20240822-225600.png,[],OK,
1,00_Live_Streams.m3u,Boishakhi TV,General,,,-1,http://103.229.254.25:7001/play/a067/index.m3u8,https://static.wikia.nocookie.net/etv-gspn-bangla/images/7/7e/Boishakhi_TV_logo_2010.png,[],FAILED,"Cannot connect to host 103.229.254.25:7001 ssl:False [Connect call failed ('103.229.254.25', 7001)]"
1,12_Sydul104_My.m3u,Boishakhi TV,Bangla,,,-1,https://boishakhi.sonarbanglatv.com/boishakhi/boishakhitv/index.m3u8,https://dl.dropbox.com/s/xolazzofexo6ub8/boishakhi.png,[],OK,
1,13_SM_Combined.m3u,Boishakhi TV,Sm All TV,BOISHAKHITV.bd,,-1,https://tvsen6.aynaott.com/1d3uG9VCgrR9DRtWZM57/tracks-v1a1/mono.ts.m3u8,https://static.wikia.nocookie.net/etv-gspn-bangla/images/0/08/Boishakhi_TV_HD_logo_2022.png,[],OK,
1,14_IPTV_Org_BD.m3u,Boishakhi TV,General,BoishakhiTV.bd@SD,,-1,https://boishakhi.sonarbanglatv.com/boishakhi/boishakhitv/index.m3u8,https://i.imgur.com/gxL05Y4.png,[],OK,
1,12_Sydul104_My.m3u,Box Cinama,English Movie,,,-1,https://d1b5mlajbmvkjv.cloudfront.net/v1/master/9d062541f2ff39b5c0f48b743c6411d25f62fc25/UDU-DistroTV/145.m3u8,https://i.ibb.co/Ns62bY2/2021-04-22-10-24-01.png,[],FAILED,HTTP Error: 404 Not Found
1,12_Sydul104_My.m3u,BTV,Bangla,,,-1,http://103.165.93.31:8095/btv/tracks-v1a1/mono.m3u8,https://ssl.com.bd/sites/default/files/BTV%20Logo%20Gallery.png,['#http://198.195.239.50:8095/btv/tracks-v1a1/mono.m3u8'],OK,
1,13_SM_Combined.m3u,BTV,Sm All TV,240000,BTV,-1,http://103.165.93.31:8095/btv/tracks-v1a1/mono.m3u8,https://tstatic.akash-go.com/cms-ui/images/custom-content/1778082545894.png,[],OK,
1,00_Live_Streams.m3u,BTV National,Sm All TV,,,-1,https://owrcovcrpy.gpcdn.net/bpk-tv/1709/output/index.m3u8,https://d38ll44lbmt52p.cloudfront.net/cms/channel_poster/1677040358634_BTVogo.png,[],FAILED,HTTP Error: 403 Forbidden
1,13_SM_Combined.m3u,BTV National,Sm All TV,,,-1,https://tvsen6.aynaott.com/TjGR1GcxKetHNVcMVxbq/index.m3u8,https://d38ll44lbmt52p.cloudfront.net/cms/channel_poster/1677040358634_BTVogo.png,[],OK,
1,11_FAST_IPTV_Z.m3u,BTV News,Bangladeshi,,,-1,http://103.165.93.31:8095/btv/tracks-v1a1/mono.m3u8,https://raw.githubusercontent.com/ahan443/logo/refs/heads/main/btv%20news.png,[],OK,
1,00_Live_Streams.m3u,Cartoon Network,Toffee,CartoonNetwork.in,,-1,http://103.182.170.32:8888/play/a04o,https://static.wikia.nocookie.net/logopedia/images/e/ee/Cartoon_Network_2010.svg,[],FAILED,"Cannot connect to host 103.182.170.32:8888 ssl:False [Connect call failed ('103.182.170.32', 8888)]"
1,11_FAST_IPTV_Z.m3u,Cartoon Network,Kids,CartoonNetwork.in,,-1,https://stream.ottplus.bd/live/cn_sd_abr/live/cn_sd/chunks.m3u8,https://i.postimg.cc/k4mDbyJR/20240823_021424.png,[],OK,
1,13_SM_Combined.m3u,Cartoon Network,Cartoon,CartoonNetwork.in,,-1,https://vodzong.mjunoon.tv:8087/streamtest/cartoon-network-87/playlist.m3u8,https://otapp.store/uploads/tv_image/sm/cartoon-network-hindi.png,[],OK,
1,13_SM_Combined.m3u,Cartoon Network,Toffee,CartoonNetwork.in,Cartoon Network,-1,https://bldcmprod-cdn.toffeelive.com/cdn/live/cartoon_network_sd/playlist.m3u8,https://assets-prod.services.toffeelive.com/mC6W-JQBv9knK3AHfDWA/posters/d2a02d82-fde4-4769-a6d9-95c0560e2120.webp,"['#KODIPROP:inputstream.adaptive.stream_headers=Host=bldcmprod-cdn.toffeelive.com&cookie=Edge-Cache-Cookie%3DURLPrefix%3DaHR0cHM6Ly9ibGRjbXByb2QtY2RuLnRvZmZlZWxpdmUuY29t:Expires%3D1788739246:KeyName%3Dprod_linear:Signature%3DBoMUIUuOsNmvrWb1c0Q8jH_T5Cp35Ms_U4wmQ0V8VTLRREDi5YBnmHXjJC7IodtD5p3WMVxHDwZwNMdtD06JBQ&user-agent=okhttp/5.1.0&client-api-header=null&accept-encoding=gzip', '#EXTVLCOPT:http-user-agent=okhttp/5.1.0', '#EXTHTTP:{""Host"": ""bldcmprod-cdn.toffeelive.com"", ""cookie"": ""Edge-Cache-Cookie=URLPrefix=aHR0cHM6Ly9ibGRjbXByb2QtY2RuLnRvZmZlZWxpdmUuY29t:Expires=1788739246:KeyName=prod_linear:Signature=BoMUIUuOsNmvrWb1c0Q8jH_T5Cp35Ms_U4wmQ0V8VTLRREDi5YBnmHXjJC7IodtD5p3WMVxHDwZwNMdtD06JBQ"", ""client-api-header"": ""null"", ""accept-encoding"": ""gzip""}']",OK,
1,00_Live_Streams.m3u,Cartoon Network HD,Toffee,CartoonNetwork.in,,-1,https://qp-pldt-live-bpk-02-prod.akamaized.net/bpk-tv/cartoonnetworkhd/default/index.mpd,https://imgur.com/l7p2MpK.png,[],FAILED,HTTP Error: 403 Forbidden
1,11_FAST_IPTV_Z.m3u,Cartoon Network HD,Kids,CartoonNetwork.in,,-1,https://stream.ottplus.bd/live/cn_hd_abr/live/cn_hd/chunks.m3u8,https://i.postimg.cc/k4mDbyJR/20240823_021424.png,[],OK,
1,13_SM_Combined.m3u,Cartoon Network HD +,Toffee,CartoonNetwork.in,Cartoon Network HD +,-1,https://bldcmprod-cdn.toffeelive.com/cdn/live/cartoon_network_hd/playlist.m3u8,https://assets-prod.services.toffeelive.com/1y6e-JQBv9knK3AHNDWb/posters/ee9ba01b-1bcf-436b-b273-7b857f0810fb.webp,"['#KODIPROP:inputstream.adaptive.stream_headers=Host=bldcmprod-cdn.toffeelive.com&cookie=Edge-Cache-Cookie%3DURLPrefix%3DaHR0cHM6Ly9ibGRjbXByb2QtY2RuLnRvZmZlZWxpdmUuY29t:Expires%3D1788739246:KeyName%3Dprod_linear:Signature%3DBoMUIUuOsNmvrWb1c0Q8jH_T5Cp35Ms_U4wmQ0V8VTLRREDi5YBnmHXjJC7IodtD5p3WMVxHDwZwNMdtD06JBQ&user-agent=okhttp/5.1.0&client-api-header=null&accept-encoding=gzip', '#EXTVLCOPT:http-user-agent=okhttp/5.1.0', '#EXTHTTP:{""Host"": ""bldcmprod-cdn.toffeelive.com"", ""cookie"": ""Edge-Cache-Cookie=URLPrefix=aHR0cHM6Ly9ibGRjbXByb2QtY2RuLnRvZmZlZWxpdmUuY29t:Expires=1788739246:KeyName=prod_linear:Signature=BoMUIUuOsNmvrWb1c0Q8jH_T5Cp35Ms_U4wmQ0V8VTLRREDi5YBnmHXjJC7IodtD5p3WMVxHDwZwNMdtD06JBQ"", ""client-api-header"": ""null"", ""accept-encoding"": ""gzip""}']",OK,
1,00_Live_Streams.m3u,Cartoon Network I,Kids,CartoonNetwork.in,,-1,https://v4-pan-n79-cdn-01.live.cdn.cgates.lt/live/dash/560401/index.mpd,https://raw.githubusercontent.com/BadhanStrom/img/refs/heads/main/cn.png,[],FAILED,HTTP Error: 403 
1,00_Live_Streams.m3u,Cartoon Network II,Kids,CartoonNetwork.in,,-1,https://a190aivottlinear-a.akamaihd.net/OTTB/iad-nitro/live/clients/dash/enc/ampfzrmpam/out/v1/e08f3866c80040f2bc494cb48ebc7bce/cenc.mpd,https://poster.starhubgo.com/Linear_channels2/316_1920x1080_HTV.png,[],FAILED,HTTP Error: 403 Forbidden
1,13_SM_Combined.m3u,Cgtn,Toffee,,CGTN,-1,https://bldcmprod-cdn.toffeelive.com/cdn/live/cgtn/playlist.m3u8,https://assets-prod.services.toffeelive.com/DYMI_58BJIOHmUelm3aK/posters/d8436322-804a-47b6-9a3f-62764c4622d5.png,"['#KODIPROP:inputstream.adaptive.stream_headers=Host=bldcmprod-cdn.toffeelive.com&cookie=Edge-Cache-Cookie%3DURLPrefix%3DaHR0cHM6Ly9ibGRjbXByb2QtY2RuLnRvZmZlZWxpdmUuY29t:Expires%3D1788739246:KeyName%3Dprod_linear:Signature%3DBoMUIUuOsNmvrWb1c0Q8jH_T5Cp35Ms_U4wmQ0V8VTLRREDi5YBnmHXjJC7IodtD5p3WMVxHDwZwNMdtD06JBQ&user-agent=okhttp/5.1.0&client-api-header=null&accept-encoding=gzip', '#EXTVLCOPT:http-user-agent=okhttp/5.1.0', '#EXTHTTP:{""Host"": ""bldcmprod-cdn.toffeelive.com"", ""cookie"": ""Edge-Cache-Cookie=URLPrefix=aHR0cHM6Ly9ibGRjbXByb2QtY2RuLnRvZmZlZWxpdmUuY29t:Expires=1788739246:KeyName=prod_linear:Signature=BoMUIUuOsNmvrWb1c0Q8jH_T5Cp35Ms_U4wmQ0V8VTLRREDi5YBnmHXjJC7IodtD5p3WMVxHDwZwNMdtD06JBQ"", ""client-api-header"": ""null"", ""accept-encoding"": ""gzip""}']",OK,
1,11_FAST_IPTV_Z.m3u,Channel 1,Bangladeshi,,,-1,https://stream.ottplus.live/live/channel_1_hd_abr/index.m3u8,https://i.postimg.cc/Zqgx8hm1/20260430-184013.png,[],OK,
1,12_Sydul104_My.m3u,Channel 1,Bangla,,,-1,https://owrcovcrpy.gpcdn.net/bpk-tv/1702/output/index.m3u8,https://static.wikia.nocookie.net/logopedia/images/2/2a/Channel_1_Logo_Bangladesh.svg/revision/latest?cb=20260205224305,[],FAILED,HTTP Error: 403 Forbidden
1,13_SM_Combined.m3u,Channel 1,Sm All TV,98000,Somoy TV,-1,https://stream.ottplus.live/live/channel_1_hd_abr/index.m3u8,https://upload.wikimedia.org/wikipedia/commons/c/c3/%E0%A6%9A%E0%A7%8D%E0%A6%AF%E0%A6%BE%E0%A6%A8%E0%A7%87%E0%A6%B2_%E0%A6%93%E0%A6%AF%E0%A6%BC%E0%A6%BE%E0%A6%A8%E0%A7%87%E0%A6%B0_%E0%A6%B2%E0%A7%8B%E0%A6%97%E0%A7%8B.svg,[],OK,
1,13_SM_Combined.m3u,Channel 1 News,Sm All TV,,,-1,https://stream.ottplus.bd/live/channel_1_hd_abr/index.m3u8,https://i.postimg.cc/Zqgx8hm1/20260430-184013.png,[],OK,
1,12_Sydul104_My.m3u,Channel 16,Music,,,-1,https://app24.jagobd.com.bd/c3VydmVyX8RpbEU9Mi8xNy8yMFDEEHGcfRgzQ6NTAgdEoaeFzbF92YWxIZTO0U0ezN1IzMyfvcEdsEfeDeKiNkVN3PTOmdFseWRtaW51aiPhnPTI2/channel16bd.stream/tracks-v1a1/mono.m3u8,https://imgpile.com/images/58YDwk.jpg,[],OK,
1,13_SM_Combined.m3u,Channel 16,Sm All TV,,,-1,https://app24.jagobd.com.bd/c3VydmVyX8RpbEU9Mi8xNy8yMFDEEHGcfRgzQ6NTAgdEoaeFzbF92YWxIZTO0U0ezN1IzMyfvcEdsEfeDeKiNkVN3PTOmdFseWRtaW51aiPhnPTI2/channel16bd.stream/tracks-v1a1/mono.m3u8,https://blogger.googleusercontent.com/img/b/R29vZ2xl/AVvXsEiGN4JrZ3Ur3BHiD2tQhsQq3WQ5DXpv7HATFyNDT6o-rSNwAZaeQieMBdfPoGPio5UPipGV2ZBb8rLmyYJe5vySfQjEmTE5MLc_6q8CKfXuzb4eRQREjPiyL5tkncb1Xt5pVMJa6t77CT98JvAFozg95IH_9qofXJ2s1ubKCbJ-_JsuRVb458aBztLImQ/s1080/1000015295.png,[],OK,
1,00_Live_Streams.m3u,Channel 24,Bangla,,,-1,https://owrcovcrpy.gpcdn.net/bpk-tv/1703/output/index.m3u8,https://static.wikia.nocookie.net/etv-gspn-bangla/images/2/29/Channel_24_logo.png,[],FAILED,HTTP Error: 403 Forbidden
1,12_Sydul104_My.m3u,Channel 24,Bangla,,,-1,https://owrcovcrpy.gpcdn.net/bpk-tv/1703/output/index.m3u8,https://dl.dropbox.com/s/puf12xv5flgbnz5/channel24_bd.png,[],FAILED,HTTP Error: 403 Forbidden
1,13_SM_Combined.m3u,Channel 24 HD,Sm All TV,94000,Channel 24 HD,-1,https://stream.ottplus.live/live/channel_24_abr/index.m3u8,https://tstatic.akash-go.com/cms-ui/images/custom-content/1735556516924.png,[],OK,
1,13_SM_Combined.m3u,Channel 24 HD,Sm All TV,94000,,-1,http://premiumtvs.space/live/YqXTywueEV/damp2purchase/391.ts,https://tstatic.akash-go.com/cms-ui/images/custom-content/1735556516924.png,[],OK,
1,12_Sydul104_My.m3u,Channel 9,Bangla,,,-1,https://owrcovcrpy.gpcdn.net/bpk-tv/1729/output/index.m3u8,https://i.ibb.co/xgfM1sf/2021-06-14-fff22-19-07.jpg,['#https://app24.jagobd.com.bd/c3VydmVyX8RpbEU9Mi8xNy8yMFDDEHGcfRgzQ6NTAgdEoaeFzbF92YWxIZTO0U0ezN1IzMyfvcEdsEfeDeKiNkVN3PTOmdFsaWRtaW51aiPhnPTI2/channel9hd.stream/playlist.m3u8'],FAILED,HTTP Error: 403 Forbidden
1,13_SM_Combined.m3u,Channel 9,Sm All TV,channel_9,Channel 9,-1,https://tvsen6.aynaott.com/kajlsd57jnkdf/index.m3u8,https://web.aynaott.com/storage/019dd92f-107c-7056-9e79-e5233f6e51d9/uploads/images/2026-07-02/images_0f3afa480f77dd7d97d49b449a05f3fa_playmist_channel_9_400x400.jpg,[],OK,
1,00_Live_Streams.m3u,Channel 9 HD,Sm All TV,,,-1,http://103.229.254.25:7001/play/a05j/index.m3u8,https://i.ibb.co/kVCRWsVf/CHANNEL-9-HD.png,[],FAILED,"Cannot connect to host 103.229.254.25:7001 ssl:False [Connect call failed ('103.229.254.25', 7001)]"
1,13_SM_Combined.m3u,Channel 9 HD,Sm All TV,188000,,-1,http://premiumtvs.space/live/YqXTywueEV/damp2purchase/434.ts,https://tstatic.akash-go.com/cms-ui/images/custom-content/1770188008067.png,[],OK,
1,11_FAST_IPTV_Z.m3u,Channel I,Bangladeshi,,,-1,https://tvsen6.aynaott.com/FNHpYvGZ7FkCE10PwTHm/index.m3u8,https://i.postimg.cc/W3WS3tVK/20240822-225402.png,[],OK,
1,12_Sydul104_My.m3u,Channel I,Bangla,,,-1,https://owrcovcrpy.gpcdn.net/bpk-tv/1723/output/index.m3u8,https://cdn.tvpassport.com/image/station/240x135/channel-i-bangla.png,[],FAILED,HTTP Error: 403 Forbidden
1,13_SM_Combined.m3u,Channel I,Sm All TV,,,-1,https://tvsen6.aynaott.com/FNHpYvGZ7FkCE10PwTHm/index.m3u8,https://s3.aynaott.com/storage/28931315743beff50fc2c1312b1f8261,[],OK,
1,13_SM_Combined.m3u,Channel I,Sm All TV,,,-1,https://tvsen6.aynaott.com/FNHpYvGZ7FkCE10PwTHm/index.m3u8,https://cdn.tvpassport.com/image/station/240x135/channel-i-bangla.png,[],OK,
1,13_SM_Combined.m3u,Channel I,Toffee,,Channel i,-1,https://bldcmprod-cdn.toffeelive.com/cdn/live/channel_i/playlist.m3u8,https://assets-prod.services.toffeelive.com/qnv835oBcqxnFHJBuQcB/posters/348dfac3-c1e0-485d-a72b-3d282c9e2c73.png,"['#KODIPROP:inputstream.adaptive.stream_headers=Host=bldcmprod-cdn.toffeelive.com&cookie=Edge-Cache-Cookie%3DURLPrefix%3DaHR0cHM6Ly9ibGRjbXByb2QtY2RuLnRvZmZlZWxpdmUuY29t:Expires%3D1788739250:KeyName%3Dprod_linear:Signature%3Dpt9d-F7KgZ9_V39Ar1q7qi0_3Va_vjQNhCBCkw7WrX3aLJvymy88ol3FH6_6EdFhJIUEWzfDyqaZ81tYvKw0BQ&user-agent=okhttp/5.1.0&client-api-header=null&accept-encoding=gzip', '#EXTVLCOPT:http-user-agent=okhttp/5.1.0', '#EXTHTTP:{""Host"": ""bldcmprod-cdn.toffeelive.com"", ""cookie"": ""Edge-Cache-Cookie=URLPrefix=aHR0cHM6Ly9ibGRjbXByb2QtY2RuLnRvZmZlZWxpdmUuY29t:Expires=1788739250:KeyName=prod_linear:Signature=pt9d-F7KgZ9_V39Ar1q7qi0_3Va_vjQNhCBCkw7WrX3aLJvymy88ol3FH6_6EdFhJIUEWzfDyqaZ81tYvKw0BQ"", ""client-api-header"": ""null"", ""accept-encoding"": ""gzip""}']",OK,
1,00_Live_Streams.m3u,Channel I HD,Sm All TV,,,-1,https://owrcovcrpy.gpcdn.net/bpk-tv/1723/output/index.m3u8,https://static.wikia.nocookie.net/etv-gspn-bangla/images/9/9d/Channel_i_HD_logo_2021.png,[],FAILED,HTTP Error: 403 Forbidden
1,13_SM_Combined.m3u,Channel News Asia,Toffee,ChannelNewsAsia.in,Channel News Asia,-1,https://bldcmprod-cdn.toffeelive.com/cdn/live/channels_news_asia/playlist.m3u8,https://assets-prod.services.toffeelive.com/rYOv_p8BJIOHmUelrnXh/posters/d537453f-7e5b-45f3-9b52-42f6f65950c8.png,"['#KODIPROP:inputstream.adaptive.stream_headers=Host=bldcmprod-cdn.toffeelive.com&cookie=Edge-Cache-Cookie%3DURLPrefix%3DaHR0cHM6Ly9ibGRjbXByb2QtY2RuLnRvZmZlZWxpdmUuY29t:Expires%3D1788739246:KeyName%3Dprod_linear:Signature%3DBoMUIUuOsNmvrWb1c0Q8jH_T5Cp35Ms_U4wmQ0V8VTLRREDi5YBnmHXjJC7IodtD5p3WMVxHDwZwNMdtD06JBQ&user-agent=okhttp/5.1.0&client-api-header=null&accept-encoding=gzip', '#EXTVLCOPT:http-user-agent=okhttp/5.1.0', '#EXTHTTP:{""Host"": ""bldcmprod-cdn.toffeelive.com"", ""cookie"": ""Edge-Cache-Cookie=URLPrefix=aHR0cHM6Ly9ibGRjbXByb2QtY2RuLnRvZmZlZWxpdmUuY29t:Expires=1788739246:KeyName=prod_linear:Signature=BoMUIUuOsNmvrWb1c0Q8jH_T5Cp35Ms_U4wmQ0V8VTLRREDi5YBnmHXjJC7IodtD5p3WMVxHDwZwNMdtD06JBQ"", ""client-api-header"": ""null"", ""accept-encoding"": ""gzip""}']",OK,
1,00_Live_Streams.m3u,Channel S,Culture,,,-1,http://103.229.254.25:7001/play/a060/index.m3u8,https://static.wikia.nocookie.net/etv-gspn-bangla/images/3/3c/Channel_S_logo.png,[],FAILED,"Cannot connect to host 103.229.254.25:7001 ssl:False [Connect call failed ('103.229.254.25', 7001)]"
1,11_FAST_IPTV_Z.m3u,Channel S,Bangladeshi,,,-1,https://app.ncare.live/live-orgin/channels.stream/live-orgin/channels.stream/chunks.m3u8,https://i.postimg.cc/L6MvsdFm/20240822-231309.png,[],OK,
1,12_Sydul104_My.m3u,Channel S,Bangla,,,-1,https://app24.jagobd.com.bd/c3VydmVyX8RpbEU9Mi8xNy8yMFDEEHGcfRgzQ6NTAgdEoaeFzbF92YWxIZTO0U0ezN1IzMyfvcEdsEfeDeKiNkVN3PTOmdFseWRtaW51aiPhnPTI2/channels.stream/playlist.m3u8,https://www.channels.com.bd/storage/project_files/logo/2024-05-14a_n17156821814310.png,[],OK,
1,13_SM_Combined.m3u,Channel S,Sm All TV,,,-1,https://app.ncare.live/live-orgin/channels.stream/live-orgin/channels.stream/chunks.m3u8,"https://assets-prod.services.toffeelive.com/f_png,w_300,q_85/WyPuDJsBEef-9-uVUA_z/posters/ea20055c-a824-443c-8083-ce8e2da8b922.png",[],OK,
1,13_SM_Combined.m3u,Channel S,Toffee,,Channel S,-1,https://bldcmprod-cdn.toffeelive.com/cdn/live/channel_s_tv/playlist.m3u8,https://assets-prod.services.toffeelive.com/WyPuDJsBEef-9-uVUA_z/posters/ea20055c-a824-443c-8083-ce8e2da8b922.png,"['#KODIPROP:inputstream.adaptive.stream_headers=Host=bldcmprod-cdn.toffeelive.com&cookie=Edge-Cache-Cookie%3DURLPrefix%3DaHR0cHM6Ly9ibGRjbXByb2QtY2RuLnRvZmZlZWxpdmUuY29t:Expires%3D1788739249:KeyName%3Dprod_linear:Signature%3DvvvopE1jW8UXD0_furLQy45jBbjoBJ6udZ7LiUxC1u0dIzFQA-RbJRaBb_eDlrsfHVmVp1msbPmWRruK-GAaDw&user-agent=okhttp/5.1.0&client-api-header=null&accept-encoding=gzip', '#EXTVLCOPT:http-user-agent=okhttp/5.1.0', '#EXTHTTP:{""Host"": ""bldcmprod-cdn.toffeelive.com"", ""cookie"": ""Edge-Cache-Cookie=URLPrefix=aHR0cHM6Ly9ibGRjbXByb2QtY2RuLnRvZmZlZWxpdmUuY29t:Expires=1788739249:KeyName=prod_linear:Signature=vvvopE1jW8UXD0_furLQy45jBbjoBJ6udZ7LiUxC1u0dIzFQA-RbJRaBb_eDlrsfHVmVp1msbPmWRruK-GAaDw"", ""client-api-header"": ""null"", ""accept-encoding"": ""gzip""}']",OK,
1,14_IPTV_Org_BD.m3u,Channel S,Culture,ChannelS.bd@SD,,-1,https://app.ncare.live/c3VydmVyX8RpbEU9Mi8xNy8yMDE0GIDU6RgzQ6NTAgdEoaeFzbF92YWxIZTO0U0ezN1IzMyfvcGVMZEJCTEFWeVN3PTOmdFsaWRtaW51aiPhnPTI2/channels.stream/live-orgin/channels.stream/playlist.m3u8,https://www.channels.com.bd/storage/project_files/logo/2024-05-14a_n17156821814310.png,[],OK,
1,14_IPTV_Org_BD.m3u,Channel S (576p),Culture,ChannelS.uk@SD,,-1,https://app.ncare.live/c3VydmVyX8RpbEU9Mi8xNy8yMDE0GIDU6RgzQ6NTAgdEoaeFzbF92YWxIZTO0U0ezN1IzMyfvcGVMZEJCTEFWeVN3PTOmdFsaWRtaW51aiPhnPTI/chsukoff.stream/playlist.m3u8,https://i.imgur.com/hJxFLvF.png,[],OK,
1,00_Live_Streams.m3u,Channel S UK,Sm All TV,,,-1,https://app.ncare.live/c3VydmVyX8RpbEU9Mi8xNy8yMDE0GIDU6RgzQ6NTAgdEoaeFzbF92YWxIZTO0U0ezN1IzMyfvcGVMZEJCTEFWeVN3PTOmdFsaWRtaW51aiPhnPTI/chsukoff.stream/playlist.m3u8,https://chsuk.tv/wp-content/uploads/2025/11/CHS-Side-Text.png,[],OK,
1,13_SM_Combined.m3u,Channel S UK,Sm All TV,,,-1,https://app.ncare.live/c3VydmVyX8RpbEU9Mi8xNy8yMDE0GIDU6RgzQ6NTAgdEoaeFzbF92YWxIZTO0U0ezN1IzMyfvcGVMZEJCTEFWeVN3PTOmdFsaWRtaW51aiPhnPTI/chsukoff.stream/playlist.m3u8,https://chsuk.tv/wp-content/uploads/2025/11/CHS-Side-Text.png,[],OK,
1,13_SM_Combined.m3u,Citizen TV,Sm All TV,,,-1,https://app24.jagobd.com.bd/c3VydmVyX8RpbEU9Mi8xNy8yMFDEEHGcfRgzQ6NTAgdEoaeFzbF92YWxIZTO0U0ezN1IzMyfvcEdsEfeDeKiNkVN3PTOmdFseWRtaW51aiPhnPTI2/citizentv.stream/playlist.m3u8,http://data.jaagobd.com/media/channel_logos/citigen_tv.jpeg,[],FAILED,TimeoutError()
1,12_Sydul104_My.m3u,CNN,English News,193,,-1,https://amg01448-samsungin-cnnnow-samsungin-4npqg.amagi.tv/playlist/amg01448-samsungin-cnnnow-samsungin/playlist.m3u8,https://logos-world.net/wp-content/uploads/2020/11/CNN-Logo.png,"['#http://tv.cloudcdn.me/live.ts?channelId=50&uid=8164&deviceMac=00:1A:79:17:D4:A1', '#https://cnn-cnninternational-1-eu.rakuten.wurl.tv/playlist.m3u8', '#http://kst.moonplex.net:8080/CH15/tracks-v1a1/mono.m3u8']",OK,
1,13_SM_Combined.m3u,CNN,Sm All TV,193,,-1,https://turnerlive.warnermediacdn.com/hls/live/586495/cnngo/cnn_slate/VIDEO_0_3564000.m3u8,https://assets-prod.services.toffeelive.com/VC6Q-JQBv9knK3AHhTXt/posters/63e79814-8fcf-4c3e-bb66-408b2a402613.webp,[],OK,
1,13_SM_Combined.m3u,CNN,Toffee,193,CNN,-1,https://bldcmprod-cdn.toffeelive.com/cdn/live/cnn/playlist.m3u8,https://assets-prod.services.toffeelive.com/VC6Q-JQBv9knK3AHhTXt/posters/63e79814-8fcf-4c3e-bb66-408b2a402613.webp,['#KODIPROP:inputstream.adaptive.stream_headers=Host=bldcmprod-cdn.toffeelive.com&cookie=Edge-Cache-Cookie%3DURLPrefix%3DaHR0cHM6Ly9ibGRjbXByb2QtY2RuLnRvZmZlZWxpdmUuY29t:Expires%3D1788566747:KeyName%3Dprod_linear:Signature%3DnB5NoC6UAIfHIv_Nt8i6Ubey6i7FqkhzXxbwUxauavISHztjoBhzSXWuufuPguLMps5UfytGDDotLJiDzdw4Dg&user-agent=okhttp/5.1.0&client-api-header=null&accept-encoding=gzip'],FAILED,HTTP Error: 403 Forbidden
1,00_Live_Streams.m3u,CNN HD,News,193,,-1,https://qp-pldt-live-bpk-02-prod.akamaized.net/bpk-tv/cg_cnnhd/default/index.mpd,http://115.146.176.131:80/images/2acf9495fde07739914e7a7bb3ffee94.png,[],FAILED,HTTP Error: 403 Forbidden
1,12_Sydul104_My.m3u,Colors,Hindi,ts543,,-1,https://cdn-2.pishow.tv/live/1461/master.m3u8,https://upload.wikimedia.org/wikipedia/commons/1/13/Colors-cineplex.png?20211203010524,[],FAILED,HTTP Error: 404 Not Found
1,00_Live_Streams.m3u,Colors Bangla,Sm All TV,756,,-1,http://103.229.254.25:7001/play/a0ds/index.m3u8,https://static.wikia.nocookie.net/etv-gspn-bangla/images/5/5c/Colors_Bangla_%282015%29.png,[],FAILED,"Cannot connect to host 103.229.254.25:7001 ssl:False [Connect call failed ('103.229.254.25', 7001)]"
1,12_Sydul104_My.m3u,Colors Bangla,Indian Bangla,756,,-1,https://iptvcable.netlify.app/Altogether-007/Kolkata/ColorsBanglaHD.m3u8,https://dl.dropbox.com/s/44vdhjj6fja02co/CBHD.jpg,['#https://yupptvcatchupire.yuppcdn.net/preview/colorsbanglahd/800.m3u8?hdnts='],OK,
1,13_SM_Combined.m3u,Colors Bangla,Sm All TV,756,,-1,http://flowutc.com:80/live/MAGTF8AV71/bUiJLEJKG5/76179.ts,https://i.postimg.cc/3w6F5VZ5/20240822-231514.png,[],FAILED,HTTP Error: 401 Unauthorized
1,13_SM_Combined.m3u,Colors Bangla,Sm All TV,756,,-1,https://yupptvcatchupire.yuppcdn.net/preview/colorsbanglahd/800.m3u8,https://dl.dropbox.com/s/44vdhjj6fja02co/CBHD.jpg,[],OK,
1,13_SM_Combined.m3u,Colors Bangla,Sm All TV,756,,-1,http://103.151.61.12/COLORS_BANHLA/tracks-v1a1/mono.m3u8,https://i.postimg.cc/3w6F5VZ5/20240822-231514.png,[],FAILED,Connection timeout to host http://103.151.61.12/COLORS_BANHLA/tracks-v1a1/mono.m3u8
1,13_SM_Combined.m3u,Colors Bangla,Sm All TV,756,,-1,http://live.balajibroadband.com:3500/live/756.m3u8,https://upload.wikimedia.org/wikipedia/commons/7/7b/Colors_Bangla.png,[],OK,
1,12_Sydul104_My.m3u,Colors Bangla Cinema,Indian Bangla,1657,,-1,http://66.102.126.10:8000/play/a015/index.m3u8,https://static.wikia.nocookie.net/logopedia/images/a/a4/BanglaCinema.jpeg/revision/latest?cb=20191207094555,[],FAILED,HTTP Error: 404 Not Found
1,13_SM_Combined.m3u,Colors Bangla Cinema,Sm All TV,1657,,-1,https://jioplaylistdown.yecic62314.workers.dev/live.m3u8?id=1657,https://jiotv.catchup.cdn.jio.com/dare_images/images/Colors_Bangla_Cinema.png,[],FAILED,HTTP Error: 404 Not Found
1,13_SM_Combined.m3u,Colors Bangla Cinema,Sm All TV,1657,,-1,http://live.balajibroadband.com:3500/live/1657.m3u8,https://jiotv.catchup.cdn.jio.com/dare_images/images/Colors_Bangla_Cinema.png,[],OK,
1,11_FAST_IPTV_Z.m3u,Colors Bangla HD,Indian Bangla,756,,-1,http://103.165.93.31:8095/colorsBangla/index.m3u8,https://i.postimg.cc/3w6F5VZ5/20240822-231514.png,[],OK,
1,15_IPTV_Org_IN.m3u,Colors Bangla HD (1080p),Entertainment,ColorsBangla.in@HD,,-1,http://103.165.93.31:8095/colorsBangla/index.m3u8,https://xstreamcp-assets-msp.streamready.in/assets/LIVETV/LIVECHANNEL/LIVETV_LIVETVCHANNEL_COLORS_BANGLA/images/LOGO_HD/image.png,[],OK,
1,11_FAST_IPTV_Z.m3u,Colors Cineplex,Indian Hindi,482,,-1,http://66.102.126.10:8000/play/a076/index.m3u8,https://i.postimg.cc/Tw3MFyQH/20240823_022713.png,[],OK,
1,00_Live_Streams.m3u,Colors Cineplex Bollywood,Sm All TV,1763,,-1,http://103.175.73.12:8080/live/437/437_0.m3u8,https://jiotvimages.cdn.jio.com/dare_images/images/channel/4f1a268a8486f5b2a71ad044d9750a67.png,[],FAILED,"Cannot connect to host 103.175.73.12:8080 ssl:False [Connect call failed ('103.175.73.12', 8080)]"
1,13_SM_Combined.m3u,Colors Cineplex Bollywood,Sm All TV,colorscineplexbollywood,,-1,http://live.balajibroadband.com:3500/live/1763.m3u8,https://jiotv.catchup.cdn.jio.com/dare_images/images/ColorsCineplexBollywood.png,[],OK,
1,15_IPTV_Org_IN.m3u,Colors Cineplex Bollywood (576p),Movies,ColorsCineplexBollywood.in@SD,,-1,http://202.70.146.135:8000/play/a058/index.m3u8,https://xstreamcp-assets-msp.streamready.in/assets/LIVETV/LIVECHANNEL/LIVETV_LIVETVCHANNEL_COLORS_CINEPLEX_BOLLYWOOD/images/LOGO_HD/image.png,[],OK,
1,12_Sydul104_My.m3u,Colors Cineplex HD,Hindi,1477,,-1,https://vods2.aynaott.com/hindimovies/index.m3u8,https://upload.wikimedia.org/wikipedia/commons/1/13/Colors-cineplex.png?20211203010524,[],OK,
1,13_SM_Combined.m3u,Colors Cineplex HD,Sm All TV,1477,,-1,http://66.102.126.10:8000/play/a076/index.m3u8,https://jiotv.catchup.cdn.jio.com/dare_images/images/ColorsCineplexHD.png,[],OK,
1,15_IPTV_Org_IN.m3u,Colors Cineplex HD (1080p),Movies,ColorsCineplex.in@HD,,-1,http://66.102.126.10:8000/play/a076/index.m3u8,https://xstreamcp-assets-msp.streamready.in/assets/LIVETV/LIVECHANNEL/LIVETV_LIVETVCHANNEL_COLORS_CINEPLEX_HD/images/LOGO_HD/image.png,[],OK,
1,13_SM_Combined.m3u,Colors Cineplex Superhit,Sm All TV,colors-cineplex-superhit,Colors Cineplex Superhit,-1,http://live.balajibroadband.com:3500/live/1450.m3u8,https://jiotv.catchup.cdn.jio.com/dare_images/images/ColorsCineplexSuperhit.png,[],OK,
1,00_Live_Streams.m3u,Colors Cineplex Superhits,Movies,ts1025,,-1,http://103.175.73.12:8080/live/14/14_0.m3u8,https://jiotvimages.cdn.jio.com/dare_images/images/channel/b8e05b669b9b1df9df2399fa5a22e6d0.png,[],FAILED,"Cannot connect to host 103.175.73.12:8080 ssl:False [Connect call failed ('103.175.73.12', 8080)]"
1,00_Live_Streams.m3u,Colors HD,Entertainment,144,,-1,http://202.70.146.135:8000/play/a00b/index.m3u8,https://jiotv.catchup.cdn.jio.com/dare_images/images/ColorsHD.png,[],OK,
1,11_FAST_IPTV_Z.m3u,Colors HD,Indian Hindi,144,,-1,http://202.70.146.135:8000/play/a00b/index.m3u8,https://i.postimg.cc/F1t6r1gv/20240823_023247.png,[],OK,
1,13_SM_Combined.m3u,Colors HD,Sm All TV,144,,-1,http://live.balajibroadband.com:3500/live/144.m3u8,https://jiotv.catchup.cdn.jio.com/dare_images/images/ColorsHD.png,[],OK,
1,15_IPTV_Org_IN.m3u,Colors HD (1080p),Entertainment,Colors.in@HD,,-1,http://66.102.126.10:8000/play/a00a/index.m3u8,https://i.imgur.com/M8uCJ0D.png,[],OK,
1,00_Live_Streams.m3u,Colors Infinity,Entertainment,ts544,,-1,http://103.175.73.12:8080/live/29/29_0.m3u8,https://static.wikia.nocookie.net/logopedia/images/b/bc/Colors_Infinity_2018_Logo.png,[],FAILED,"Cannot connect to host 103.175.73.12:8080 ssl:False [Connect call failed ('103.175.73.12', 8080)]"
1,15_IPTV_Org_IN.m3u,Colors Infinity HD (1080p),Entertainment,ColorsInfinity.in@HD,,-1,http://66.102.126.10:8000/play/a014/index.m3u8,https://xstreamcp-assets-msp.streamready.in/assets/LIVETV/LIVECHANNEL/LIVETV_LIVETVCHANNEL_COLORS_INFINITY/images/LOGO_HD/image.png,[],OK,
1,15_IPTV_Org_IN.m3u,Colors Kannada HD (1080i),Entertainment,ColorsKannada.in@HD,,-1,https://da86m1sqpm3o0.cloudfront.net/28072023/smil:colorskannadahd1.smil/playlist.m3u8,https://xstreamcp-assets-msp.streamready.in/assets/LIVETV/LIVECHANNEL/LIVETV_LIVETVCHANNEL_COLORS_KANNADA_HD/images/LOGO_HD/image.png,[],OK,
1,15_IPTV_Org_IN.m3u,Colors Tamil HD (720p),Entertainment,ColorsTamil.in@HD,,-1,https://da86m1sqpm3o0.cloudfront.net/28072023/smil:colorstamilhd11.smil/playlist.m3u8,https://xstreamcp-assets-msp.streamready.in/assets/LIVETV/LIVECHANNEL/LIVETV_LIVETVCHANNEL_COLORS_TAMIL/images/LOGO_HD/image.png,[],OK,
1,12_Sydul104_My.m3u,Cowboy TV,Sports,,,-1,https://amg17292-amg17292c1-distrotv-us-4170.playouts.now.amagi.tv/playlist/amg17292-tetonridgellc-tetonridgefast-distrotvus/playlist.m3u8,,[],OK,
1,13_SM_Combined.m3u,Crazy Ex HD,Sm All TV,,,-1,https://nomawnoijl.gpcdn.net/akash/crazy_ex/playlist.m3u8,https://tstatic.akash-go.com/cms-ui/images/custom-content/1778085745609.png,[],FAILED,HTTP Error: 403 Forbidden
1,15_IPTV_Org_IN.m3u,Daily Post TV (1080p),News,DailyPostTV.in@SD,,-1,https://vglivessai.akamaized.net/sg/v1/master/611d79b11b77e2f571934fd80ca1413453772ac7/103b8dd3-a888-4d1d-89a5-8a4bc25e48c1/index.m3u8,https://papaji.freetvindia.com/media/Daily_post.png,[],OK,
1,13_SM_Combined.m3u,Dangal2,Sm All TV,701,,-1,https://live-dangal2.akamaized.net/liveabr/playlist.m3u8,https://static.wikia.nocookie.net/logopedia/images/a/ac/Dangal_2.png,[],OK,
1,00_Live_Streams.m3u,DBC News,Bangla,,,-1,http://103.229.254.25:7001/play/a06h/index.m3u8,https://static.wikia.nocookie.net/etv-gspn-bangla/images/9/9f/DBC_News_logo.png,[],FAILED,"Cannot connect to host 103.229.254.25:7001 ssl:False [Connect call failed ('103.229.254.25', 7001)]"
1,11_FAST_IPTV_Z.m3u,DBC News,Bangladeshi,,,-1,https://tvsen6.aynaott.com/pF66Tkz0qFwP2aMMqHyt/index.m3u8,https://i.postimg.cc/hvmC5cF5/20240822_230837.png,[],OK,
1,12_Sydul104_My.m3u,DBC News,Bangla,,,-1,https://owrcovcrpy.gpcdn.net/bpk-tv/1728/output/index.m3u8,https://upload.wikimedia.org/wikipedia/commons/9/9f/DBC_News_logo.png,"['#http://xtv.ooo:8080/213112/213112/245914', '#http://kst.moonplex.net:8080/CH15/index.m3u8', '#https://app24.jagobd.com.bd/c3VydmVyX8RpbEU9Mi8xNy8yMFDDEHGcfRgzQ6NTAgdEoaeFzbF92YWxIZTO0U0ezN1IzMyfvcEdsEfeDeKiNkVN3PTOmdFsaWRtaW51aiPhnPTI2/dbcnews.stream/playlist.m3u8']",FAILED,HTTP Error: 403 Forbidden
1,14_IPTV_Org_BD.m3u,DBC News (480p),News,DBCNews.bd@SD,,-1,http://tvn3.chowdhury-shaheb.com/dbc/index.m3u8,https://i.imgur.com/Qbt6q4z.png,[],FAILED,Connection timeout to host http://tvn3.chowdhury-shaheb.com/dbc/index.m3u8
1,13_SM_Combined.m3u,DBC News HD,Sm All TV,185000,DBC News HD,-1,https://tvsen6.aynaott.com/pF66Tkz0qFwP2aMMqHyt/tracks-v1a1/mono.ts.m3u8,https://tstatic.akash-go.com/cms-ui/images/custom-content/1770186306600.png,[],OK,
1,13_SM_Combined.m3u,DBC News HD,Sm All TV,185000,,-1,https://tvsen6.aynaott.com/pF66Tkz0qFwP2aMMqHyt/index.m3u8,https://tstatic.akash-go.com/cms-ui/images/custom-content/1770186306600.png,[],OK,
1,13_SM_Combined.m3u,DD Bharati,Sm All TV,580,,-1,https://d2lk5u59tns74c.cloudfront.net/out/v1/67cec794d8b14f9ba21f73924ac65797/index.m3u8,https://static.wikia.nocookie.net/logopedia/images/d/db/DD_Bharati_english.png,[],OK,
1,13_SM_Combined.m3u,DD National HD,Sm All TV,ts1218,,-1,https://d3qs3d2rkhfqrt.cloudfront.net/out/v1/40492a64c1db4a1385ba1a397d357d3a/index.m3u8,https://static.wikia.nocookie.net/logopedia/images/2/2a/Ddnational2023.png,[],OK,
1,15_IPTV_Org_IN.m3u,DD National HD (1080p),Entertainment,DDNational.in@HD,,-1,https://d3qs3d2rkhfqrt.cloudfront.net/out/v1/40492a64c1db4a1385ba1a397d357d3a/index.m3u8,https://ltsk-cdn.s3.eu-west-1.amazonaws.com/jumpstart/Temp_Live/cdn/HLS/Channel/transparentImages/DD%20National.png,[],OK,
1,15_IPTV_Org_IN.m3u,DD National SD (576p),Entertainment,DDNational.in@SD,,-1,https://cdn-1.pishow.tv/live/11/master.m3u8,https://ltsk-cdn.s3.eu-west-1.amazonaws.com/jumpstart/Temp_Live/cdn/HLS/Channel/transparentImages/DD%20National.png,[],FAILED,HTTP Error: 404 Not Found
1,15_IPTV_Org_IN.m3u,DD News (576p),News,DDNews.in@SD,,-1,https://streams.tangotv.in/DDNEWS/ORIGIN/index.m3u8,https://ltsk-cdn.s3.eu-west-1.amazonaws.com/jumpstart/Temp_Live/cdn/HLS/Channel/transparentImages/DD%20News%20HD.png,[],OK,
1,15_IPTV_Org_IN.m3u,DD News HD (1080p),News,DDNews.in@HD,,-1,https://d3qs3d2rkhfqrt.cloudfront.net/out/v1/0811cd8c37ca4c409d5385a6cd2fa18b/index.m3u8,https://ltsk-cdn.s3.eu-west-1.amazonaws.com/jumpstart/Temp_Live/cdn/HLS/Channel/transparentImages/DD%20News%20HD.png,[],OK,
1,11_FAST_IPTV_Z.m3u,Deepto,Bangladeshi,,,-1,https://byphdgllyk.gpcdn.net/hls/deeptotv/index.m3u8,https://i.postimg.cc/bYSFJHG9/20240822-230812.png,[],OK,
1,00_Live_Streams.m3u,Deepto TV,Sm All TV,,,-1,https://byphdgllyk.gpcdn.net/hls/deeptotv/index.m3u8,https://raw.githubusercontent.com/NmAlifKhan/Channel-Icon/refs/heads/tv/deepto-tv-seeklogo.png,[],OK,
1,12_Sydul104_My.m3u,Deepto TV,Bangla,,,-1,https://owrcovcrpy.gpcdn.net/bpk-tv/1711/output/index.m3u8,https://upload.wikimedia.org/wikipedia/en/3/31/Deepto_TV_logo.png,"['#https://byphdgllyk.gpcdn.net/hls/deeptotv/0_1/index.m3u8', '#https://byphdgllyk.gpcdn.net/hls/deeptotv/index.m3u8']",FAILED,HTTP Error: 403 Forbidden
1,13_SM_Combined.m3u,Deepto TV,Sm All TV,,,-1,https://byphdgllyk.gpcdn.net/hls/deeptotv/0_1/index.m3u8,https://tstatic.akash-go.com/cms-ui/images/custom-content/1742713000749.png,[],OK,
1,13_SM_Combined.m3u,Deepto TV,Sm All TV,,,-1,https://byphdgllyk.gpcdn.net/hls/deeptotv/index.m3u8,https://raw.githubusercontent.com/NmAlifKhan/Channel-Icon/refs/heads/tv/deepto-tv-seeklogo.png,[],OK,
1,13_SM_Combined.m3u,Deepto TV,Sm All TV,,,-1,https://byphdgllyk.gpcdn.net/hls/deeptotv/0_1/index.m3u8,https://jcwsw2vt33.gpcdn.net/uploads/images/2022/07/25/logos_1384ea456744d5914ba331fa72df78c8_goplay_deepto_logo_final_white.svg,[],OK,
1,13_SM_Combined.m3u,Deepto TV HD,Sm All TV,134000,Deepto TV HD,-1,http://103.165.93.31:8095/deepto/tracks-v1a1/mono.m3u8,https://tstatic.akash-go.com/cms-ui/images/custom-content/1742713000749.png,[],OK,
1,15_IPTV_Org_IN.m3u,Deewana HD (540p),Music,DeewanaHD.in@SD,,-1,https://live20.bozztv.com/giatvplayout7/giatv-209592/index.m3u8,https://i.imgur.com/xIYITQ9.png,[],OK,
1,13_SM_Combined.m3u,Delicious HD,Sm All TV,,,-1,https://nomawnoijl.gpcdn.net/akash/delicious/playlist.m3u8,https://tstatic.akash-go.com/cms-ui/images/custom-content/1778086478755.png,[],FAILED,HTTP Error: 403 Forbidden
1,12_Sydul104_My.m3u,Desh Bangla,Bangla,,,-1,https://app24.jagobd.com.bd/c3VydmVyX8RpbEU9Mi8xNy8yMFDEEHGcfRgzQ6NTAgdEoaeFzbF92YWxIZTO0U0ezN1IzMyfvcEdsEfeDeKiNkVN3PTOmdFseWRtaW51aiPhnPTI2/deshbanglatv.stream/playlist.m3u8,,[],OK,
1,13_SM_Combined.m3u,Desh Bangla TV,Sm All TV,,,-1,https://app24.jagobd.com.bd/c3VydmVyX8RpbEU9Mi8xNy8yMFDEEHGcfRgzQ6NTAgdEoaeFzbF92YWxIZTO0U0ezN1IzMyfvcEdsEfeDeKiNkVN3PTOmdFseWRtaW51aiPhnPTI2/deshbanglatv.stream/playlist.m3u8,http://data.jaagobd.com/media/channel_logos/Desh_Bangla_Tv.png,[],OK,
1,00_Live_Streams.m3u,Desh TV,Toffee,3260,,-1,http://103.229.254.25:7001/play/a05s/index.m3u8,https://static.wikia.nocookie.net/etv-gspn-bangla/images/7/76/Desh_TV_logo_2022.png,[],FAILED,"Cannot connect to host 103.229.254.25:7001 ssl:False [Connect call failed ('103.229.254.25', 7001)]"
1,12_Sydul104_My.m3u,Desh TV,Bangla,3260,,-1,https://bozztv.com/rongo/rongo-DeshTV/index.m3u8,https://www.tradebangla.com.bd/images/business/profile/2017/12/12/222121217071805.jpg,['#https://app24.jagobd.com.bd/c3VydmVyX8RpbEU9Mi8xNy8yMFDEEHGcfRgzQ6NTAgdEoaeFzbF92YWxIZTO0U0ezN1IzMyfvcEdsEfeDeKiNkVN3PTOmdFseWRtaW51aiPhnPTI2/deshtv.stream/tracks-v1/mono.m3u8'],FAILED,HTTP Error: 404 Not Found
1,13_SM_Combined.m3u,Desh TV,Sm All TV,3260,,-1,https://tvsen6.aynaott.com/ryFkXfd1a4CQ7mMdc820/index.m3u8,https://otapp.store/uploads/tv_image/sm/desh-tv.png,[],OK,
1,13_SM_Combined.m3u,Desh TV,Sm All TV,3260,,-1,https://bozztv.com/rongo/rongo-DeshTV/tracks-v1a1/mono.m3u8,https://otapp.store/uploads/tv_image/sm/desh-tv.png,[],FAILED,HTTP Error: 404 Not Found
1,13_SM_Combined.m3u,Desh TV,Toffee,3260,Desh TV,-1,https://bldcmprod-cdn.toffeelive.com/cdn/live/desh_tv/playlist.m3u8,https://assets-prod.services.toffeelive.com/6Hz1PJwBcqxnFHJBhgkV/posters/845f1e3f-987a-47cc-a48d-ee12d8f4d419.png,"['#KODIPROP:inputstream.adaptive.stream_headers=Host=bldcmprod-cdn.toffeelive.com&cookie=Edge-Cache-Cookie%3DURLPrefix%3DaHR0cHM6Ly9ibGRjbXByb2QtY2RuLnRvZmZlZWxpdmUuY29t:Expires%3D1788739251:KeyName%3Dprod_linear:Signature%3DU3N8bYGfi4by4kCh2QIeeFG7oAByjxBWIHpopMcESjyrGEt7o07Ir78T3wq4XixdpLbAoxc9TnBG_2gmyqmMBg&user-agent=okhttp/5.1.0&client-api-header=null&accept-encoding=gzip', '#EXTVLCOPT:http-user-agent=okhttp/5.1.0', '#EXTHTTP:{""Host"": ""bldcmprod-cdn.toffeelive.com"", ""cookie"": ""Edge-Cache-Cookie=URLPrefix=aHR0cHM6Ly9ibGRjbXByb2QtY2RuLnRvZmZlZWxpdmUuY29t:Expires=1788739251:KeyName=prod_linear:Signature=U3N8bYGfi4by4kCh2QIeeFG7oAByjxBWIHpopMcESjyrGEt7o07Ir78T3wq4XixdpLbAoxc9TnBG_2gmyqmMBg"", ""client-api-header"": ""null"", ""accept-encoding"": ""gzip""}']",OK,
1,13_SM_Combined.m3u,Deshe Bideshe,Sm All TV,,,-1,https://dbcanada.sonarbanglatv.com/deshebideshe/dbtv/index.m3u8,https://pbs.twimg.com/profile_images/739539785304281088/zMwNO936_400x400.jpg,[],OK,
1,13_SM_Combined.m3u,Deshe Bideshe,Sm All TV,,,-1,https://dbcanada.sonarbanglatv.com/deshebideshe/dbtv/index.m3u8,https://pbs.twimg.com/profile_images/739539785304281088/zMwNO936_400x400.jpg,[],OK,
1,00_Live_Streams.m3u,Deshi TV,Sm All TV,,,-1,https://deshitv.deshitv24.net/live/myStream/playlist.m3u8,https://www.deshitv.com/images//bangla_logo/DeshTV24-BanglaLogo.png,[],OK,
1,12_Sydul104_My.m3u,Deshi TV,Bangla,,,-1,https://deshitv.deshitv24.net/live/myStream/playlist.m3u8,https://www.deshitv.com/images//bangla_logo/DeshTV24-BanglaLogo.png,[],OK,
1,13_SM_Combined.m3u,Deshi TV,Sm All TV,,,-1,https://deshitv.deshitv24.net/live/myStream/playlist.m3u8,https://www.deshitv.com/images//bangla_logo/DeshTV24-BanglaLogo.png,[],OK,
1,13_SM_Combined.m3u,Deshi TV,Sm All TV,,,-1,https://deshitv.deshitv24.net/live/myStream/playlist.m3u8,https://www.deshitv.com/images//bangla_logo/DeshTV24-BanglaLogo.png,[],OK,
1,14_IPTV_Org_BD.m3u,Deshi TV (720p),General,DeshiTV.ca@SD,,-1,https://deshitv.deshitv24.net/live/myStream/playlist.m3u8,https://i.imgur.com/PzqzgMm.png,[],OK,
1,15_IPTV_Org_IN.m3u,Desi Channel (720p),Entertainment,DesiChannel.in@SD,,-1,https://livestream.unlimitedcdn.com/agm-dc/desi-channel/index.m3u8,https://desichannel.in/wp-content/uploads/2025/01/desi-channel.png,[],OK,
1,12_Sydul104_My.m3u,Dhaka FM,FM Radio,,,-1,http://118.179.219.244:8000/;,https://cdn.instant.audio/images/logos/radio-bd-com/dhaka.png,[],FAILED,"400, message=""Bad status line:\n  Expected HTTP/, RTSP/ or ICE/:\n\n  b'ICY 200 OK'\n      ^"", url='http://118.179.219.244:8000/;'"
1,15_IPTV_Org_IN.m3u,Dhool TV (576p),Music,DhoolTV.in@SD,,-1,https://mumt04.tangotv.in/m18aqlK4SUBHARTITV/index.m3u8,https://i.ibb.co/Rk78p2LB/dhooltv.png,[],FAILED,TimeoutError()
1,13_SM_Combined.m3u,Dhoom Music,Sm All TV,3006,,-1,https://jioplaylistdown.yecic62314.workers.dev/live.m3u8?id=3006,https://otapp.store/uploads/tv_image/sm/dhoom-music-bangla.png,[],FAILED,HTTP Error: 404 Not Found
1,15_IPTV_Org_IN.m3u,Dhoom Music (720p),Music,DhoomMusic.in@SD,,-1,https://cdn-1.pishow.tv/live/1456/master.m3u8,https://xstreamcp-assets-msp.streamready.in/assets/LIVETV/LIVECHANNEL/LIVETV_LIVETVCHANNEL_DHOOM_MUSIC/images/LOGO_HD/image.png,[],FAILED,HTTP Error: 404 Not Found
1,00_Live_Streams.m3u,Dhoom Music Bangla,Aynaott,3006,,-1,http://103.175.73.12:8080/live/378/378_0.m3u8,https://static.wikia.nocookie.net/etv-gspn-bangla/images/6/68/Dhoom_Music_Bangla_logo_%282014%29.png,[],FAILED,"Cannot connect to host 103.175.73.12:8080 ssl:False [Connect call failed ('103.175.73.12', 8080)]"
1,11_FAST_IPTV_Z.m3u,Discover Pakistan,Documentory,,,-1,https://livecdn.live247stream.com/discoverpakistan/web/playlist.m3u8,https://i.postimg.cc/zvPTkPjH/IJH47f-J.png,[],OK,
1,00_Live_Streams.m3u,Discovery,Toffee,573,,-1,https://d1g8wgjurz8via.cloudfront.net/bpk-tv/Discoverychannel2/default/manifest.mpd,https://imagesdishtvd2h.whatsonindia.com/dasimages/channel/landscape/360x270/UyI5ljKM.png,[],OK,
1,00_Live_Streams.m3u,Discovery,Toffee,573,,-1,https://v4-pan-n79-cdn-01.live.cdn.cgates.lt/live/dash/562104/index.mpd,https://raw.githubusercontent.com/BadhanStrom/img/refs/heads/main/discovery.png,[],FAILED,HTTP Error: 403 
1,00_Live_Streams.m3u,Discovery,Toffee,573,,-1,https://qp-pldt-live-bpk-02-prod.akamaized.net/bpk-tv/discovery/default/index.mpd,https://i.imgur.com/2rx8Whs.png,[],FAILED,HTTP Error: 403 Forbidden
1,11_FAST_IPTV_Z.m3u,Discovery,Documentory,573,,-1,http://202.70.146.135:8000/play/a05z/index.m3u8,https://i.postimg.cc/cJ90sMKN/20240823_023541.png,[],OK,
1,13_SM_Combined.m3u,Discovery,Sm All TV,573,,-1,http://202.70.146.135:8000/play/a05z/index.m3u8,"https://assets-prod.services.toffeelive.com/f_png,w_300,q_85/KS6x-JQBv9knK3AHwDZy/posters/6594d216-aaca-4eee-b6f5-bbc6b80feb15.webp",[],OK,
1,13_SM_Combined.m3u,Discovery,Toffee,573,Discovery,-1,https://bldcmprod-cdn.toffeelive.com/cdn/live/discovery_sd/playlist.m3u8,https://assets-prod.services.toffeelive.com/KS6x-JQBv9knK3AHwDZy/posters/6594d216-aaca-4eee-b6f5-bbc6b80feb15.webp,"['#KODIPROP:inputstream.adaptive.stream_headers=Host=bldcmprod-cdn.toffeelive.com&cookie=Edge-Cache-Cookie%3DURLPrefix%3DaHR0cHM6Ly9ibGRjbXByb2QtY2RuLnRvZmZlZWxpdmUuY29t:Expires%3D1788739246:KeyName%3Dprod_linear:Signature%3DBoMUIUuOsNmvrWb1c0Q8jH_T5Cp35Ms_U4wmQ0V8VTLRREDi5YBnmHXjJC7IodtD5p3WMVxHDwZwNMdtD06JBQ&user-agent=okhttp/5.1.0&client-api-header=null&accept-encoding=gzip', '#EXTVLCOPT:http-user-agent=okhttp/5.1.0', '#EXTHTTP:{""Host"": ""bldcmprod-cdn.toffeelive.com"", ""cookie"": ""Edge-Cache-Cookie=URLPrefix=aHR0cHM6Ly9ibGRjbXByb2QtY2RuLnRvZmZlZWxpdmUuY29t:Expires=1788739246:KeyName=prod_linear:Signature=BoMUIUuOsNmvrWb1c0Q8jH_T5Cp35Ms_U4wmQ0V8VTLRREDi5YBnmHXjJC7IodtD5p3WMVxHDwZwNMdtD06JBQ"", ""client-api-header"": ""null"", ""accept-encoding"": ""gzip""}']",OK,
1,12_Sydul104_My.m3u,Discovery Bangla,Documentary,,,-1,https://master-proxy.wispy-boat-fc77.workers.dev/?url=http://stvlive.net:8080/discovery/tracks-v1a1/mono.m3u8,https://bdiptv.stream/uploads/tv_image/discovery.png,[],OK,
1,13_SM_Combined.m3u,Discovery Bangla,Sm All TV,,,-1,http://myxpanel.pro:80/live/Ander1/Ander1/694020.ts,"https://assets-prod.services.toffeelive.com/f_png,w_300,q_85/KS6x-JQBv9knK3AHwDZy/posters/6594d216-aaca-4eee-b6f5-bbc6b80feb15.webp",[],OK,
1,13_SM_Combined.m3u,Discovery Bangla 2,Sm All TV,,,-1,https://jioplaylistdown.yecic62314.workers.dev/live.m3u8?id=573,"https://assets-prod.services.toffeelive.com/f_png,w_300,q_85/KS6x-JQBv9knK3AHwDZy/posters/6594d216-aaca-4eee-b6f5-bbc6b80feb15.webp",[],FAILED,HTTP Error: 404 Not Found
1,13_SM_Combined.m3u,Discovery HD,Toffee,3428,Discovery HD,-1,https://bldcmprod-cdn.toffeelive.com/cdn/live/discovery_hd/playlist.m3u8,https://assets-prod.services.toffeelive.com/KC6x-JQBv9knK3AHqjYc/posters/55e554f1-dbbb-47bd-97fe-fca878726c4c.webp,"['#KODIPROP:inputstream.adaptive.stream_headers=Host=bldcmprod-cdn.toffeelive.com&cookie=Edge-Cache-Cookie%3DURLPrefix%3DaHR0cHM6Ly9ibGRjbXByb2QtY2RuLnRvZmZlZWxpdmUuY29t:Expires%3D1788739246:KeyName%3Dprod_linear:Signature%3DBoMUIUuOsNmvrWb1c0Q8jH_T5Cp35Ms_U4wmQ0V8VTLRREDi5YBnmHXjJC7IodtD5p3WMVxHDwZwNMdtD06JBQ&user-agent=okhttp/5.1.0&client-api-header=null&accept-encoding=gzip', '#EXTVLCOPT:http-user-agent=okhttp/5.1.0', '#EXTHTTP:{""Host"": ""bldcmprod-cdn.toffeelive.com"", ""cookie"": ""Edge-Cache-Cookie=URLPrefix=aHR0cHM6Ly9ibGRjbXByb2QtY2RuLnRvZmZlZWxpdmUuY29t:Expires=1788739246:KeyName=prod_linear:Signature=BoMUIUuOsNmvrWb1c0Q8jH_T5Cp35Ms_U4wmQ0V8VTLRREDi5YBnmHXjJC7IodtD5p3WMVxHDwZwNMdtD06JBQ"", ""client-api-header"": ""null"", ""accept-encoding"": ""gzip""}']",OK,
1,12_Sydul104_My.m3u,Discovery Hindi,Documentary,575,,-1,http://202.70.146.135:8000/play/a05z/index.m3u8,https://bdiptv.stream/uploads/tv_image/discovery.png,"['#https://denver1769.pages.dev/Discovery/discovery_hd_hindi.m3u8', '#https://d1g8wgjurz8via.cloudfront.net/bpk-tv/Discoverychannel2/default/manifest.mpd', '#https://korim.packingggl.workers.dev/api/bc508cf627/playlist.m3u8', '#https://stream.ottplus.bd/live/discovery_sd_abr/live/discovery_sd/chunks.m3u8', '#http://103.151.60.162:2121/play/a01k/index.m3u8']",OK,
1,00_Live_Streams.m3u,Discovery ID,Documentary,,,-1,https://v4-pan-n79-cdn-01.live.cdn.cgates.lt/live/dash/561805/index.mpd,https://raw.githubusercontent.com/BadhanStrom/img/refs/heads/main/discovery_id.png,[],FAILED,HTTP Error: 403 
1,00_Live_Streams.m3u,Discovery Investigation,Documentary,,,-1,https://d1g8wgjurz8via.cloudfront.net/bpk-tv/Investigationdiscovery2/default/manifest.mpd,https://imagesdishtvd2h.whatsonindia.com/dasimages/channel/landscape/360x270/mHhlDCiL.png,[],OK,
1,00_Live_Streams.m3u,Discovery Kids,Toffee,DiscoveryKids.in,,-1,https://d1g8wgjurz8via.cloudfront.net/bpk-tv/Discoverykids2/default/manifest.mpd,https://imagesdishtvd2h.whatsonindia.com/dasimages/channel/landscape/360x270/RzedYhFG.png,[],OK,
1,11_FAST_IPTV_Z.m3u,Discovery Kids,Kids,DiscoveryKids.in,,-1,https://stream.ottplus.live/live/discovery_kids_abr/index.m3u8,https://i.postimg.cc/wTvMLMp2/20240823_021706.png,[],OK,
1,13_SM_Combined.m3u,Discovery Kids,Sm All TV,DiscoveryKids.in,,-1,https://stream.ottplus.live/live/discovery_kids_abr/index.m3u8,https://i.postimg.cc/wTvMLMp2/20240823_021706.png,[],OK,
1,13_SM_Combined.m3u,Discovery Kids,Cartoon,DiscoveryKids.in,,-1,https://stream.ottplus.live/live/discovery_kids_abr/index.m3u8,https://i.postimg.cc/wTvMLMp2/20240823_021706.png,[],OK,
1,13_SM_Combined.m3u,Discovery Kids,Toffee,DiscoveryKids.in,Discovery Kids,-1,https://bldcmprod-cdn.toffeelive.com/cdn/live/discovery_kids/playlist.m3u8,https://assets-prod.services.toffeelive.com/1i6e-JQBv9knK3AHHTXR/posters/325887a7-84ea-4cf9-a6fd-6111ddc25671.webp,"['#KODIPROP:inputstream.adaptive.stream_headers=Host=bldcmprod-cdn.toffeelive.com&cookie=Edge-Cache-Cookie%3DURLPrefix%3DaHR0cHM6Ly9ibGRjbXByb2QtY2RuLnRvZmZlZWxpdmUuY29t:Expires%3D1788739246:KeyName%3Dprod_linear:Signature%3DBoMUIUuOsNmvrWb1c0Q8jH_T5Cp35Ms_U4wmQ0V8VTLRREDi5YBnmHXjJC7IodtD5p3WMVxHDwZwNMdtD06JBQ&user-agent=okhttp/5.1.0&client-api-header=null&accept-encoding=gzip', '#EXTVLCOPT:http-user-agent=okhttp/5.1.0', '#EXTHTTP:{""Host"": ""bldcmprod-cdn.toffeelive.com"", ""cookie"": ""Edge-Cache-Cookie=URLPrefix=aHR0cHM6Ly9ibGRjbXByb2QtY2RuLnRvZmZlZWxpdmUuY29t:Expires=1788739246:KeyName=prod_linear:Signature=BoMUIUuOsNmvrWb1c0Q8jH_T5Cp35Ms_U4wmQ0V8VTLRREDi5YBnmHXjJC7IodtD5p3WMVxHDwZwNMdtD06JBQ"", ""client-api-header"": ""null"", ""accept-encoding"": ""gzip""}']",OK,
1,00_Live_Streams.m3u,Discovery Science,Toffee,DiscoveryScience.in,,-1,https://d1g8wgjurz8via.cloudfront.net/bpk-tv/Discoveryscience2/default/manifest.mpd,https://imagesdishtvd2h.whatsonindia.com/dasimages/channel/landscape/360x270/vIA7TExn.png,[],OK,
1,13_SM_Combined.m3u,Discovery Science,Toffee,DiscoveryScience.in,Discovery Science,-1,https://bldcmprod-cdn.toffeelive.com/cdn/live/discovery_science/playlist.m3u8,https://assets-prod.services.toffeelive.com/AS6s-JQBv9knK3AHDTZb/posters/eab8fd0f-9351-464c-b45e-332f38b49f4b.webp,"['#KODIPROP:inputstream.adaptive.stream_headers=Host=bldcmprod-cdn.toffeelive.com&cookie=Edge-Cache-Cookie%3DURLPrefix%3DaHR0cHM6Ly9ibGRjbXByb2QtY2RuLnRvZmZlZWxpdmUuY29t:Expires%3D1788739246:KeyName%3Dprod_linear:Signature%3DBoMUIUuOsNmvrWb1c0Q8jH_T5Cp35Ms_U4wmQ0V8VTLRREDi5YBnmHXjJC7IodtD5p3WMVxHDwZwNMdtD06JBQ&user-agent=okhttp/5.1.0&client-api-header=null&accept-encoding=gzip', '#EXTVLCOPT:http-user-agent=okhttp/5.1.0', '#EXTHTTP:{""Host"": ""bldcmprod-cdn.toffeelive.com"", ""cookie"": ""Edge-Cache-Cookie=URLPrefix=aHR0cHM6Ly9ibGRjbXByb2QtY2RuLnRvZmZlZWxpdmUuY29t:Expires=1788739246:KeyName=prod_linear:Signature=BoMUIUuOsNmvrWb1c0Q8jH_T5Cp35Ms_U4wmQ0V8VTLRREDi5YBnmHXjJC7IodtD5p3WMVxHDwZwNMdtD06JBQ"", ""client-api-header"": ""null"", ""accept-encoding"": ""gzip""}']",OK,
1,00_Live_Streams.m3u,Discovery Turbo,Toffee,541,,-1,https://d1g8wgjurz8via.cloudfront.net/bpk-tv/Discoveryturbo2/default/manifest.mpd,https://imagesdishtvd2h.whatsonindia.com/dasimages/channel/landscape/360x270/6eCv1iuk.png,[],OK,
1,13_SM_Combined.m3u,Discovery Turbo,Toffee,541,Discovery Turbo,-1,https://bldcmprod-cdn.toffeelive.com/cdn/live/discovery_turbo/playlist.m3u8,https://assets-prod.services.toffeelive.com/Ay6s-JQBv9knK3AHJTY1/posters/e8f65578-e82d-4e4a-a1ff-073becc5bd71.webp,"['#KODIPROP:inputstream.adaptive.stream_headers=Host=bldcmprod-cdn.toffeelive.com&cookie=Edge-Cache-Cookie%3DURLPrefix%3DaHR0cHM6Ly9ibGRjbXByb2QtY2RuLnRvZmZlZWxpdmUuY29t:Expires%3D1788739246:KeyName%3Dprod_linear:Signature%3DBoMUIUuOsNmvrWb1c0Q8jH_T5Cp35Ms_U4wmQ0V8VTLRREDi5YBnmHXjJC7IodtD5p3WMVxHDwZwNMdtD06JBQ&user-agent=okhttp/5.1.0&client-api-header=null&accept-encoding=gzip', '#EXTVLCOPT:http-user-agent=okhttp/5.1.0', '#EXTHTTP:{""Host"": ""bldcmprod-cdn.toffeelive.com"", ""cookie"": ""Edge-Cache-Cookie=URLPrefix=aHR0cHM6Ly9ibGRjbXByb2QtY2RuLnRvZmZlZWxpdmUuY29t:Expires=1788739246:KeyName=prod_linear:Signature=BoMUIUuOsNmvrWb1c0Q8jH_T5Cp35Ms_U4wmQ0V8VTLRREDi5YBnmHXjJC7IodtD5p3WMVxHDwZwNMdtD06JBQ"", ""client-api-header"": ""null"", ""accept-encoding"": ""gzip""}']",OK,
1,15_IPTV_Org_IN.m3u,Disha TV (396p),Undefined,DishaTV.in@SD,,-1,https://d1msejlow1t3l4.cloudfront.net/fta/dishatv/playlist.m3u8,https://jiotvimages.cdn.jio.com/dare_images/images/Disha_tv.png,[],OK,
1,11_FAST_IPTV_Z.m3u,Disnep HD,Kids,,,-1,http://88.212.15.19/live/disney_channel_hun/index.m3u8,https://i.postimg.cc/BnPv7zt1/20240823_021725.png,[],OK,
1,13_SM_Combined.m3u,Disney Channel,Cartoon,disney-channel,,-1,https://yowaimo.in/Sflex-ArtlPVT0719/DISNEY_CHANNEL.m3u8,https://jiotv.catchup.cdn.jio.com/dare_images/images/Disney_Channel.png,[],FAILED,Cannot connect to host yowaimo.in:443 ssl:False [Temporary failure in name resolution]
1,13_SM_Combined.m3u,Disney Channel,Cartoon,disney-channel,,-1,http://181.119.215.61:8000/play/a0g1/index.m3u8,https://jiotv.catchup.cdn.jio.com/dare_images/images/Disney_Channel.png,[],OK,
1,15_IPTV_Org_IN.m3u,Disney Channel (576p),Kids,DisneyChannel.in@SD,,-1,http://202.70.146.135:8000/play/a01q/index.m3u8,https://xstreamcp-assets-msp.streamready.in/assets/LIVETV/LIVECHANNEL/LIVETV_LIVETVCHANNEL_DISNEY_CHANNEL/images/LOGO_HD/image.png,[],OK,
1,13_SM_Combined.m3u,Disney Channel [in],Sm All TV,1373,,-1,http://rgkkw.live:80/live/1Aoen7elp5/IgMJ60tmAa/19741.ts,http://picons.cmshulk.com/picons/disneych.png,[],OK,
1,15_IPTV_Org_IN.m3u,Disney Channel HD (1080p),Kids,DisneyChannel.in@HD,,-1,http://66.102.126.10:8000/play/a013/index.m3u8,https://xstreamcp-assets-msp.streamready.in/assets/LIVETV/LIVECHANNEL/LIVETV_LIVETVCHANNEL_DISNEY_CHANNEL_HD/images/LOGO_HD/image.png,[],OK,
1,00_Live_Streams.m3u,Disney International HD,Kids,1375,,-1,http://103.182.170.32:8888/play/a01y,https://static.wikia.nocookie.net/logopedia/images/7/7f/Disney_International_HD_logo.png,[],FAILED,"Cannot connect to host 103.182.170.32:8888 ssl:False [Connect call failed ('103.182.170.32', 8888)]"
1,14_IPTV_Org_BD.m3u,Disney International HD (1080p),Kids,DisneyInternationalHD.in@SD,,-1,http://202.70.146.135:8000/play/a04p/index.m3u8,https://xstreamcp-assets-msp.streamready.in/assets/LIVETV/LIVECHANNEL/LIVETV_LIVETVCHANNEL_DISNEY_INTERNATIONAL_HD/images/LOGO_HD/image.png,[],OK,
1,15_IPTV_Org_IN.m3u,Disney International HD (1080p),Kids,DisneyInternationalHD.in@SD,,-1,http://202.70.146.135:8000/play/a04p/index.m3u8,https://xstreamcp-assets-msp.streamready.in/assets/LIVETV/LIVECHANNEL/LIVETV_LIVETVCHANNEL_DISNEY_INTERNATIONAL_HD/images/LOGO_HD/image.png,[],OK,
1,13_SM_Combined.m3u,Doraemon,Cartoon,,,-1,https://live20.bozztv.com/giatvplayout7/giatv-209902/tracks-v1a1/mono.ts.m3u8,https://upload.wikimedia.org/wikipedia/en/b/bd/Doraemon_character.png,[],OK,
1,11_FAST_IPTV_Z.m3u,Doraemon TV,Kids,,,-1,https://live20.bozztv.com/giatvplayout7/giatv-209902/tracks-v1a1/mono.ts.m3u8,https://upload.wikimedia.org/wikipedia/en/b/bd/Doraemon_character.png,[],OK,
1,13_SM_Combined.m3u,Doraemon TV,Sm All TV,,,-1,https://live20.bozztv.com/giatvplayout7/giatv-209902/tracks-v1a1/mono.ts.m3u8,https://static.wikia.nocookie.net/logopedia/images/e/e4/Doraemon2005.svg,[],OK,
1,00_Live_Streams.m3u,Drama 24,Aynaott,,,-1,https://vods2.aynascope.net/gseriesDrama/index.m3u8,https://raw.githubusercontent.com/BadhanStrom/img/refs/heads/main/G-Series_Logo.png,[],OK,
1,13_SM_Combined.m3u,Drama 24,Sm All TV,,,-1,https://vods2.aynaott.com/gseriesDrama/tracks-v1a1/mono.ts.m3u8,https://raw.githubusercontent.com/BadhanStrom/img/refs/heads/main/G-Series_Logo.png,[],OK,
1,00_Live_Streams.m3u,Duronto TV,Cartoon,,,-1,https://tvsen4.aynaott.com/durontotv/tracks-v1a1/mono.ts.m3u8,https://static.wikia.nocookie.net/logopedia/images/d/d7/Duronto_TV_Logo.png,[],FAILED,HTTP Error: 404 Not Found
1,11_FAST_IPTV_Z.m3u,Duronto TV,Kids,,,-1,https://tvsen6.aynaott.com/6xyZ3N4oHv2KBJdB6W4p/index.m3u8,https://i.postimg.cc/0QRKCsfQ/20240823_020937.png,[],OK,
1,13_SM_Combined.m3u,Duronto TV,Sm All TV,,,-1,http://premiumtvs.space:80/live/PeH5kPWFfG/infamous7funny/433.ts,https://i.postimg.cc/zBCLNtGZ/Duronto.jpg,[],FAILED,HTTP Error: 401 Unauthorized
1,13_SM_Combined.m3u,Duronto TV,Cartoon,,,-1,https://tvsen6.aynaott.com/6xyZ3N4oHv2KBJdB6W4p/index.m3u8,https://i.postimg.cc/0QRKCsfQ/20240823_020937.png,[],OK,
1,14_IPTV_Org_BD.m3u,Duronto TV (720p),Kids,DurontoTV.bd@SD,,-1,https://tvsen6.aynaott.com/6xyZ3N4oHv2KBJdB6W4p/index.m3u8,https://i.imgur.com/gXsddRK.png,[],OK,
1,12_Sydul104_My.m3u,DW,Ungrouped,496,,-1,https://dwamdstream102.akamaized.net/hls/live/2015525/dwstream102/index.m3u8,,[],OK,
1,13_SM_Combined.m3u,DW,Toffee,496,DW,-1,https://bldcmprod-cdn.toffeelive.com/cdn/live/dw_tv/playlist.m3u8,https://assets-prod.services.toffeelive.com/7oPt_p8BJIOHmUelhXWj/posters/d6328092-9437-4806-8dc7-d00732d56832.png,"['#KODIPROP:inputstream.adaptive.stream_headers=Host=bldcmprod-cdn.toffeelive.com&cookie=Edge-Cache-Cookie%3DURLPrefix%3DaHR0cHM6Ly9ibGRjbXByb2QtY2RuLnRvZmZlZWxpdmUuY29t:Expires%3D1788739246:KeyName%3Dprod_linear:Signature%3DBoMUIUuOsNmvrWb1c0Q8jH_T5Cp35Ms_U4wmQ0V8VTLRREDi5YBnmHXjJC7IodtD5p3WMVxHDwZwNMdtD06JBQ&user-agent=okhttp/5.1.0&client-api-header=null&accept-encoding=gzip', '#EXTVLCOPT:http-user-agent=okhttp/5.1.0', '#EXTHTTP:{""Host"": ""bldcmprod-cdn.toffeelive.com"", ""cookie"": ""Edge-Cache-Cookie=URLPrefix=aHR0cHM6Ly9ibGRjbXByb2QtY2RuLnRvZmZlZWxpdmUuY29t:Expires=1788739246:KeyName=prod_linear:Signature=BoMUIUuOsNmvrWb1c0Q8jH_T5Cp35Ms_U4wmQ0V8VTLRREDi5YBnmHXjJC7IodtD5p3WMVxHDwZwNMdtD06JBQ"", ""client-api-header"": ""null"", ""accept-encoding"": ""gzip""}']",OK,
1,13_SM_Combined.m3u,DW News,Sm All TV,496,,-1,https://dwamdstream102.akamaized.net/hls/live/2015525/dwstream102/stream02/streamPlaylist.m3u8,https://otapp.store/uploads/tv_image/sm/dw-news.png,[],OK,
1,13_SM_Combined.m3u,E24,Sm All TV,,,-1,https://jioplaylistdown.yecic62314.workers.dev/live.m3u8?id=591,https://i.ibb.co/dbjnG3X/20240803-105403.png,[],FAILED,HTTP Error: 404 Not Found
1,11_FAST_IPTV_Z.m3u,Ekattor HD,Bangladeshi,,,-1,https://tvsen6.aynaott.com/EWDrV5QskgarZEUBb3pU/index.m3u8,https://i.postimg.cc/BnBz3S8W/20240822-230603.png,[],OK,
1,13_SM_Combined.m3u,Ekattor HD,Sm All TV,102000,Ekattor HD,-1,http://103.165.93.31:8095/ekattorTv/tracks-v1a1/mono.m3u8,https://cdn.ekattorbd.com/contents/cache/images/1200x630x1/uploads/media/2023/08/13/default-f5a63c8327b98eafee564f28c3a9ebdb.png,[],OK,
1,00_Live_Streams.m3u,Ekattor TV,Toffee,,,-1,https://owrcovcrpy.gpcdn.net/bpk-tv/1705/output/index.m3u8,https://static.wikia.nocookie.net/etv-gspn-bangla/images/8/82/Ekattor_TV_HD_2012.png/revision/latest?cb=20231121094023,[],FAILED,HTTP Error: 403 Forbidden
1,12_Sydul104_My.m3u,Ekattor TV,Bangla,(no tvg-id)(m3u4u),Ekattor TV,-1,https://owrcovcrpy.gpcdn.net/bpk-tv/1705/output/index.m3u8,https://s4.gifyu.com/images/imagea02f4314e761661d.png,[],FAILED,HTTP Error: 403 Forbidden
1,13_SM_Combined.m3u,Ekattor TV,Sm All TV,,,-1,https://tvsen6.aynaott.com/EWDrV5QskgarZEUBb3pU/index.m3u8,https://tstatic.akash-go.com/cms-ui/images/custom-content/1739963327549.png,[],OK,
1,13_SM_Combined.m3u,Ekattor TV,Toffee,,Ekattor TV,-1,https://bldcmprod-cdn.toffeelive.com/cdn/live/ekattor_tv/playlist.m3u8,https://assets-prod.services.toffeelive.com/PS_La5oBNnOkwJLWLRN_/posters/e8c444fd-ee3b-4bf3-bb0a-f969bc295f82.png,"['#KODIPROP:inputstream.adaptive.stream_headers=Host=bldcmprod-cdn.toffeelive.com&cookie=Edge-Cache-Cookie%3DURLPrefix%3DaHR0cHM6Ly9ibGRjbXByb2QtY2RuLnRvZmZlZWxpdmUuY29t:Expires%3D1788739246:KeyName%3Dprod_linear:Signature%3DBoMUIUuOsNmvrWb1c0Q8jH_T5Cp35Ms_U4wmQ0V8VTLRREDi5YBnmHXjJC7IodtD5p3WMVxHDwZwNMdtD06JBQ&user-agent=okhttp/5.1.0&client-api-header=null&accept-encoding=gzip', '#EXTVLCOPT:http-user-agent=okhttp/5.1.0', '#EXTHTTP:{""Host"": ""bldcmprod-cdn.toffeelive.com"", ""cookie"": ""Edge-Cache-Cookie=URLPrefix=aHR0cHM6Ly9ibGRjbXByb2QtY2RuLnRvZmZlZWxpdmUuY29t:Expires=1788739246:KeyName=prod_linear:Signature=BoMUIUuOsNmvrWb1c0Q8jH_T5Cp35Ms_U4wmQ0V8VTLRREDi5YBnmHXjJC7IodtD5p3WMVxHDwZwNMdtD06JBQ"", ""client-api-header"": ""null"", ""accept-encoding"": ""gzip""}']",OK,
1,11_FAST_IPTV_Z.m3u,Ekhon,Bangladeshi,,,-1,https://stream.ottplus.live/live/ekhon_tv_abr/index.m3u8,https://i.postimg.cc/1tkB62gc/20240822-231147.png,[],OK,
1,00_Live_Streams.m3u,Ekhon TV,Toffee,,,-1,http://103.229.254.25:7001/play/a09k/index.m3u8,https://static.wikia.nocookie.net/etv-gspn-bangla/images/d/dd/Ekhon_TV_logo.png,[],FAILED,"Cannot connect to host 103.229.254.25:7001 ssl:False [Connect call failed ('103.229.254.25', 7001)]"
1,12_Sydul104_My.m3u,Ekhon TV,Bangla,(no tvg-id)(m3u4u),Ekhon TV,-1,https://stream.ottplus.live/live/ekhon_tv_abr/live/ekhon_tv_hd_720/chunks.m3u8,https://upload.wikimedia.org/wikipedia/en/0/0d/Ekhon_Logo.png,['#https://app24.jagobd.com.bd/c3VydmVyX8RpbEU9Mi8xNy8yMFDEEHGcfRgzQ6NTAgdEoaeFzbF92YWxIZTO0U0ezN1IzMyfvcEdsEfeDeKiNkVN3PTOmdFseWRtaW51aiPhnPTI2/globaltv.stream/tracks-v1a1/mono.m3u8'],OK,
1,13_SM_Combined.m3u,Ekhon TV,Sm All TV,,,-1,https://stream.ottplus.live/live/ekhon_tv_abr/index.m3u8,https://static.wikia.nocookie.net/etv-gspn-bangla/images/d/dd/Ekhon_TV_logo.png,[],OK,
1,13_SM_Combined.m3u,Ekhon TV,Toffee,,Ekhon TV,-1,https://bldcmprod-cdn.toffeelive.com/cdn/live/ekhon_tv/playlist.m3u8,https://assets-prod.services.toffeelive.com/o3v235oBcqxnFHJBkAdC/posters/159af631-796d-4342-a2a7-c272f32bcd32.png,"['#KODIPROP:inputstream.adaptive.stream_headers=Host=bldcmprod-cdn.toffeelive.com&cookie=Edge-Cache-Cookie%3DURLPrefix%3DaHR0cHM6Ly9ibGRjbXByb2QtY2RuLnRvZmZlZWxpdmUuY29t:Expires%3D1788739246:KeyName%3Dprod_linear:Signature%3DBoMUIUuOsNmvrWb1c0Q8jH_T5Cp35Ms_U4wmQ0V8VTLRREDi5YBnmHXjJC7IodtD5p3WMVxHDwZwNMdtD06JBQ&user-agent=okhttp/5.1.0&client-api-header=null&accept-encoding=gzip', '#EXTVLCOPT:http-user-agent=okhttp/5.1.0', '#EXTHTTP:{""Host"": ""bldcmprod-cdn.toffeelive.com"", ""cookie"": ""Edge-Cache-Cookie=URLPrefix=aHR0cHM6Ly9ibGRjbXByb2QtY2RuLnRvZmZlZWxpdmUuY29t:Expires=1788739246:KeyName=prod_linear:Signature=BoMUIUuOsNmvrWb1c0Q8jH_T5Cp35Ms_U4wmQ0V8VTLRREDi5YBnmHXjJC7IodtD5p3WMVxHDwZwNMdtD06JBQ"", ""client-api-header"": ""null"", ""accept-encoding"": ""gzip""}']",OK,
1,14_IPTV_Org_BD.m3u,Ekhon TV (1080p),Business,EkhonTV.bd@SD,,-1,https://tplay.live/out/bangladesh/ekhontv.index.m3u8,https://i.imgur.com/tRrDh6z.png,[],FAILED,Server disconnected
1,13_SM_Combined.m3u,Ekushay TV,Sm All TV,ekushey.bd,,-1,https://tvsen5.aynaott.com/SyQuXz8sC3TB/index.m3u8,https://s4.gifyu.com/images/image534fa27d7683f33d.png,[],OK,
1,13_SM_Combined.m3u,Ekushay TV (local),Sm All TV,ekushey.bd,,-1,http://210.4.72.204/hls-live/livepkgr/_definst_/liveevent/livestream3.m3u8,https://raw.githubusercontent.com/subirkumarpaul/Logo/main/Ekushey%20TV.png,[],OK,
1,11_FAST_IPTV_Z.m3u,Ekushe TV,Bangladeshi,,,-1,https://tvsen5.aynaott.com/SyQuXz8sC3TB/index.m3u8,https://i.postimg.cc/rsDjtcFp/20240822_225424.png,[],OK,
1,00_Live_Streams.m3u,Ekushey TV,Sm All TV,,,-1,http://210.4.72.204/hls-live/livepkgr/_definst_/liveevent/livestream3.m3u8,https://static.wikia.nocookie.net/etv-gspn-bangla/images/c/cd/Ekushey_Television_logo_2000-2002%2C_2007.png,[],OK,
1,12_Sydul104_My.m3u,Ekushey TV,Bangla,,,-1,http://210.4.72.204/hls-live/livepkgr/_definst_/liveevent/livestream3.m3u8,https://s4.gifyu.com/images/image534fa27d7683f33d.png,['#https://ekusheyserver.com/etvlivesn.m3u8'],OK,
1,13_SM_Combined.m3u,Ekushey TV,Sm All TV,,,-1,http://210.4.72.204/hls-live/livepkgr/_definst_/liveevent/livestream3.m3u8,https://static.wikia.nocookie.net/etv-gspn-bangla/images/c/cd/Ekushey_Television_logo_2000-2002%2C_2007.png,[],OK,
1,13_SM_Combined.m3u,Ekushey TV,Sm All TV,,,-1,http://210.4.72.204/hls-live/livepkgr/_definst_/liveevent/livestream3.m3u8,https://s4.gifyu.com/images/image534fa27d7683f33d.png,[],OK,
1,14_IPTV_Org_BD.m3u,Ekushey TV (480p),News,EkusheyTV.bd@SD,,-1,https://ekusheyserver.com/etvlivesn.m3u8,https://i.imgur.com/lRpkGHj.png,[],OK,
1,13_SM_Combined.m3u,En | Hbo Movies,Sm All TV,,,-1,http://23.237.104.106:8080/USA_HBO_ZONE/index.m3u8,https://static.wikia.nocookie.net/logopedia/images/7/7c/HBO_Movies_2025.svg,[],OK,
1,13_SM_Combined.m3u,Ent | DD National HD,Sm All TV,DDNational.in@HD,,-1,https://d3qs3d2rkhfqrt.cloudfront.net/out/v1/40492a64c1db4a1385ba1a397d357d3a/index.m3u8,https://static.wikia.nocookie.net/logopedia/images/2/2a/Ddnational2023.png,[],OK,
1,11_FAST_IPTV_Z.m3u,Enter 10 Bangla,Indian Bangla,,,-1,https://live-bangla.akamaized.net/liveabr/pub-iobanglakp3sff/live_720p/chunks.m3u8,https://i.postimg.cc/J0QXn2jh/20240823_020641.png,[],OK,
1,12_Sydul104_My.m3u,Enter 10 Bangla,Indian Bangla,,,-1,https://amg01448-samsungin-enterr10bangla-samsungin-ad-gg.amagi.tv/playlist/amg01448-samsungin-enterr10bangla-samsungin/playlist.m3u8,https://upload.wikimedia.org/wikipedia/en/thumb/e/ea/Enterr10_Bangla.jpeg/200px-Enterr10_Bangla.jpeg,"['#https://entezeetv.fun/bdcast/hls/index.m3u8?id=0RTkWfzB&e=.m3u8|Referer=https://entezeetv.fun/bdcast//', '#https://live-bangla.akamaized.net/liveabr/pub-iobanglakp3sff/live_240p/chunks.m3u8']",OK,
1,11_FAST_IPTV_Z.m3u,Enter TV,Bangladeshi,,,-1,https://live1.entertv.com.bd/entertv/index.fmp4.m3u8,https://i.postimg.cc/g06jByt1/entertv.jpg,[],OK,
1,13_SM_Combined.m3u,Enter10 Bangla HD,Sm All TV,enter10bangla.in,,-1,https://live-bangla.akamaized.net/liveabr/pub-iobanglakp3sff/live_240p/chunks.m3u8,https://raw.githubusercontent.com/subirkumarpaul/Logo/main/Enter%2010%20Bangla.jpeg,[],OK,
1,00_Live_Streams.m3u,Enterr 10 Bangla,Sm All TV,,,-1,https://live-bangla.akamaized.net/liveabr/pub-iobanglakp3sff/live_720p/chunks.m3u8,https://static.wikia.nocookie.net/etv-gspn-bangla/images/4/4c/Enterr10_Bangla_logo_%282020%29.png,[],OK,
1,13_SM_Combined.m3u,Enterr 10 Bangla,Sm All TV,,,-1,https://live-bangla.akamaized.net/liveabr/pub-iobanglakp3sff/live_720p/chunks.m3u8,https://static.wikia.nocookie.net/etv-gspn-bangla/images/4/4c/Enterr10_Bangla_logo_%282020%29.png,[],OK,
1,15_IPTV_Org_IN.m3u,Enterr 10 Bangla (576p),Entertainment,Enterr10Bangla.in@SD,,-1,https://mumt07.tangotv.in/zHjX9OFlENTERR10BANGLA/index.m3u8,https://xstreamcp-assets-msp.streamready.in/assets/LIVETV/LIVECHANNEL/LIVETV_LIVETVCHANNEL_ENTERR10_BANGLA/images/LOGO_HD/image.png,[],OK,
1,15_IPTV_Org_IN.m3u,Enterr 10 Rangeela (1080p),Entertainment,Enterr10Rangeela.in@SD,,-1,http://103.185.24.134:3001/SUN-BANGLA-HD/index.m3u8,https://i.imgur.com/L4rv0Vm.png,[],OK,
1,13_SM_Combined.m3u,Enterr10 Bangla,Sm All TV,Enterr10Bangla.in,,-1,https://live-bangla.akamaized.net/liveabr/pub-iobanglakp3sff/live_720p/chunks.m3u8,https://yt3.googleusercontent.com/ytc/AGIKgqMgAFwCYOX0V7GEToy8keJKiMiqfAxNPm68YAfUFg=s900-c-k-c0x00ffffff-no-rj,[],OK,
1,13_SM_Combined.m3u,Enterr10 Bangla,Sm All TV,Enterr10Bangla.in,,-1,https://amg01448-samsungin-enterr10bangla-samsungin-ad-gg.amagi.tv/playlist/amg01448-samsungin-enterr10bangla-samsungin/playlist.m3u8,https://yt3.googleusercontent.com/ytc/AGIKgqMgAFwCYOX0V7GEToy8keJKiMiqfAxNPm68YAfUFg=s900-c-k-c0x00ffffff-no-rj,[],OK,
1,12_Sydul104_My.m3u,Ep TV,Bangla,,,-1,https://app24.jagobd.com.bd/c3VydmVyX8RpbEU9Mi8xNy8yMFDEEHGcfRgzQ6NTAgdEoaeFzbF92YWxIZTO0U0ezN1IzMyfvcEdsEfeDeKiNkVN3PTOmdFseWRtaW51aiPhnPTI2/eptv.stream/playlist.m3u8,http://data.jaagobd.com/media/channel_logos/EPTV-Logo-400x400.png,[],FAILED,Timeout on reading data from socket
1,13_SM_Combined.m3u,Ep TV,Sm All TV,,,-1,https://app24.jagobd.com.bd/c3VydmVyX8RpbEU9Mi8xNy8yMFDEEHGcfRgzQ6NTAgdEoaeFzbF92YWxIZTO0U0ezN1IzMyfvcEdsEfeDeKiNkVN3PTOmdFseWRtaW51aiPhnPTI2/eptv.stream/playlist.m3u8,http://data.jaagobd.com/media/channel_logos/EPTV-Logo-400x400.png,[],FAILED,TimeoutError()
1,15_IPTV_Org_IN.m3u,Epic Bhojpuri Digital (1080p),Movies,EpicBhojpuri.in@Digital,,-1,https://cc-8hy4a26pz2uos.akamaized.net/v1/master/3722c60a815c199d9c0ef36c5b73da68a62b09d1/cc-8hy4a26pz2uos/playlist.m3u8,https://dtil.tmsimg.com/assets/GNLZZGG0032BVJ8.png?lock=720x540,[],OK,
1,13_SM_Combined.m3u,Epl Channel 1,Toffee,,EPL channel 1,-1,https://prod-cdn01-live.toffeelive.com/live/EPL-26-27-CH-1/index.m3u8?edge-cache-token=Expires=1788566746~Starts=1788566446~URLPrefix=aHR0cHM6Ly9wcm9kLWNkbjAxLWxpdmUudG9mZmVlbGl2ZS5jb20~Data=eyJzdWJzY3JpYmVyX2lkIjoiNTg0NmVmMTAtMzgzYS00YjlhLThhZTAtNGZiMTEzNWIxNTVkIn0~Signature=aBzwSU85Qkp6wXyZ6WLlPrDmdpu-MOiyQRfE9iDm5zlf9gddr8457joZp4HX3XZ1AfFxdyy_CTq9wL_MpRXrDg,https://assets-prod.services.toffeelive.com/JS1AqZgBNnOkwJLWlwg-/posters/149dccb8-81d6-4a2a-9c64-0de1fd7057c0.png,['#KODIPROP:inputstream.adaptive.stream_headers=Host=prod-cdn01-live.toffeelive.com&cookie=&user-agent=okhttp/5.1.0&client-api-header=null&accept-encoding=gzip'],FAILED,HTTP Error: 403 Forbidden
1,15_IPTV_Org_IN.m3u,ETV Bal Bharat (576p),Kids,ETVBalBharat.in@SD,,-1,http://103.185.24.134:3001/ETV-BAL-BHARAT/index.m3u8,https://i.imgur.com/zsTxPV9.png,[],OK,
1,15_IPTV_Org_IN.m3u,ETV Beats (1080p),Music,ETVBeats.in@HD,,-1,https://jmp2.uk/stvp-IN4900002RV,https://jiotvimages.cdn.jio.com/dare_images/images/ETVBeats1.png,[],OK,
1,15_IPTV_Org_IN.m3u,ETV Cinema (396p),Movies,ETVCinema.in@SD,,-1,https://yupplivegcpusa.yuppcdn.net/100823/smil:etvcinema.smil/playlist.m3u8?hdnts=st=1735898689~exp=1835898688~acl=*~hmac=f5fe24724fe05481e3841f9eb5ab8efdee0a3dd83645ae9dcf45703f525bab7b,https://dtil.tmsimg.com/assets/s143026_ld_h15_aa.png?lock=720x540,[],OK,
1,15_IPTV_Org_IN.m3u,ETV Cinema HD (1080p),Movies,ETVCinema.in@HD,,-1,https://d27zlkxhgwrfgo.cloudfront.net/v1/master/9d43eacaed199f8d5883927e7aef514a8a08e108/ETV_CINEMA_H264_cloud_in/index.m3u8,https://dtil.tmsimg.com/assets/s143026_ld_h15_aa.png?lock=720x540,[],OK,
1,15_IPTV_Org_IN.m3u,ETV Plus HD (1080p),Entertainment,ETVPlus.in@HD,,-1,https://d12ee3o8yfkkhd.cloudfront.net/c6a4b411295f47f48c908d2ac0605bad/index.m3u8,https://xstreamcp-assets-msp.streamready.in/assets/LIVETV/LIVECHANNEL/LIVETV_LIVETVCHANNEL_ETV_PLUS/images/LOGO_HD/image.png,[],OK,
1,13_SM_Combined.m3u,Eurosport HD,Toffee,875,Eurosport HD,-1,https://bldcmprod-cdn.toffeelive.com/cdn/live/euro_sports_hd/playlist.m3u8,https://assets-prod.services.toffeelive.com/Uy6Q-JQBv9knK3AHcDUQ/posters/01709bcd-6d53-4710-a64f-bc49cecf1d61.webp,"['#KODIPROP:inputstream.adaptive.stream_headers=Host=bldcmprod-cdn.toffeelive.com&cookie=Edge-Cache-Cookie%3DURLPrefix%3DaHR0cHM6Ly9ibGRjbXByb2QtY2RuLnRvZmZlZWxpdmUuY29t:Expires%3D1788739246:KeyName%3Dprod_linear:Signature%3DBoMUIUuOsNmvrWb1c0Q8jH_T5Cp35Ms_U4wmQ0V8VTLRREDi5YBnmHXjJC7IodtD5p3WMVxHDwZwNMdtD06JBQ&user-agent=okhttp/5.1.0&client-api-header=null&accept-encoding=gzip', '#EXTVLCOPT:http-user-agent=okhttp/5.1.0', '#EXTHTTP:{""Host"": ""bldcmprod-cdn.toffeelive.com"", ""cookie"": ""Edge-Cache-Cookie=URLPrefix=aHR0cHM6Ly9ibGRjbXByb2QtY2RuLnRvZmZlZWxpdmUuY29t:Expires=1788739246:KeyName=prod_linear:Signature=BoMUIUuOsNmvrWb1c0Q8jH_T5Cp35Ms_U4wmQ0V8VTLRREDi5YBnmHXjJC7IodtD5p3WMVxHDwZwNMdtD06JBQ"", ""client-api-header"": ""null"", ""accept-encoding"": ""gzip""}']",OK,
1,15_IPTV_Org_IN.m3u,Fakt Marathi (576p),Entertainment,FaktMarathi.in@SD,,-1,https://mumt07.tangotv.in/zHjX9OFlFAKTMARATHI/index.m3u8,https://dtil.tmsimg.com/assets/s143038_ld_h15_aa.png?lock=720x540,[],OK,
1,15_IPTV_Org_IN.m3u,Fast1 (576p),Undefined,Fast1.in@SD,,-1,https://cdn-6.pishow.tv/live/10008/master.m3u8,https://papaji.freetvindia.com/media/channels/fast1.png,[],FAILED,HTTP Error: 404 Not Found
1,15_IPTV_Org_IN.m3u,Fateh TV (576p),Religious,FatehTV.in@SD,,-1,http://180.188.254.253/live/FATEHTVHD.m3u8,https://i.imgur.com/c4ItNkB.png,[],OK,
1,13_SM_Combined.m3u,Fighters HD,Sm All TV,,,-1,https://nomawnoijl.gpcdn.net/akash/fighter/playlist.m3u8,https://tstatic.akash-go.com/cms-ui/images/custom-content/1770380942670.png,[],FAILED,HTTP Error: 403 Forbidden
1,13_SM_Combined.m3u,Funny Junior HD,Sm All TV,,,-1,https://nomawnoijl.gpcdn.net/akash/funnyjunior/playlist.m3u8,https://tstatic.akash-go.com/cms-ui/images/custom-content/1770379573329.png,[],FAILED,HTTP Error: 403 Forbidden
1,13_SM_Combined.m3u,G Series,Sm All TV,,,-1,https://vods2.aynaott.com/gseriesDrama/tracks-v1a1/mono.ts.m3u8,https://i.postimg.cc/xTxpr24R/1000114119.jpg,[],OK,
1,12_Sydul104_My.m3u,G Serise,Bangla,,,-1,https://vods2.aynaott.com/gseriesDrama/tracks-v1a1/mono.ts.m3u8,,[],OK,
1,13_SM_Combined.m3u,G TV,Sm All TV,2783,G TV,-1,https://app24.jagobd.com.bd/c3VydmVyX8RpbEU9Mi8xNy8yMFDEEHGcfRgzQ6NTAgdEoaeFzbF92YWxIZTO0U0ezN1IzMyfvcEdsEfeDeKiNkVN3PTOmdFseWRtaW51aiPhnPTI2/gazibdz.stream/tracks-v1a1/mono.m3u8,https://raw.githubusercontent.com/AsimDipto/Logo-box/refs/heads/main/Bangladesh/gtv-hd-bd.png,[],OK,
1,12_Sydul104_My.m3u,Gazi TV,Bangla,,,-1,https://app24.jagobd.com.bd/c3VydmVyX8RpbEU9Mi8xNy8yMFDEEHGcfRgzQ6NTAgdEoaeFzbF92YWxIZTO0U0ezN1IzMyfvcEdsEfeDeKiNkVN3PTOmdFseWRtaW51aiPhnPTI2/gazibdz.stream/tracks-v1a1/mono.m3u8,https://i.ibb.co/pQGXzMP/images-1-removebg-preview.png,[],OK,
1,13_SM_Combined.m3u,Gazi TV,Sm All TV,,,-1,https://app.ncare.live/c3VydmVyX8RpbEU9Mi8xNy8yMDE0GIDU6RgzQ6NTAgdEoaeFzbF92YWxIZTO0U0ezN1IzMyfvcGVMZEJCTEFWeVN3PTOmdFsaWRtaW51aiPhnPTI2/gazibdz.stream/live-orgin/gazibdz.stream/chunks.m3u8?nimblesessionid=1167297915,https://raw.githubusercontent.com/AsimDipto/Logo-box/refs/heads/main/Bangladesh/gtv-hd-bd.png,[],FAILED,HTTP Error: 403 Forbidden
1,14_IPTV_Org_BD.m3u,Gazi TV (1080p),General,GaziTV.bd@SD,,-1,http://tvn1.chowdhury-shaheb.com/gazitv/index.m3u8,https://i.imgur.com/2Lzhiq6.png,[],FAILED,Connection timeout to host http://tvn1.chowdhury-shaheb.com/gazitv/index.m3u8
1,00_Live_Streams.m3u,Gazi TV HD,Sm_iptv,,,-1,https://tvsen1.aynaott.com/Ravc7gPCZpxk/index.m3u8,https://static.wikia.nocookie.net/logopedia/images/6/60/Gtvhd.png,[],FAILED,Timeout on reading data from socket
1,11_FAST_IPTV_Z.m3u,Gold Mines Bollywood,Indian Hindi,,,-1,https://mumt03.tangotv.in/Dsly5z3HGOLDMINESBOLLYWOOD/index.m3u8,https://i.postimg.cc/7ZNqRywh/20240823-023440.png,[],OK,
1,13_SM_Combined.m3u,Goldmines,Sm All TV,ts823,,-1,https://cdn-2.pishow.tv/live/1459/master.m3u8,https://otapp.store/uploads/tv_image/sm/goldmines.link,[],FAILED,HTTP Error: 404 Not Found
1,15_IPTV_Org_IN.m3u,Goldmines (576p),Movies,Goldmines.in@SD,,-1,https://streams.tangotv.in/GOLDMINES/ORIGIN/index.m3u8,https://xstreamcp-assets-msp.streamready.in/assets/LIVETV/LIVECHANNEL/LIVETV_LIVETVCHANNEL_GOLDMINES/images/LOGO_HD/image.png,[],OK,
1,15_IPTV_Org_IN.m3u,Goldmines Bollywood (576p),Movies,GoldminesBollywood.in@SD,,-1,https://mumt03.tangotv.in/Dsly5z3HGOLDMINESBOLLYWOOD/index.m3u8,https://i.imgur.com/6mNQ9mM.png,[],OK,
1,13_SM_Combined.m3u,Goldmines Movies,Sm All TV,ts1499,,-1,https://cdn-2.pishow.tv/live/1461/master.m3u8,https://otapp.store/uploads/tv_image/sm/goldmines-movies.png,[],FAILED,HTTP Error: 404 Not Found
1,15_IPTV_Org_IN.m3u,Goldmines Movies (576p),Movies,GoldminesMovies.in@SD,,-1,http://103.175.73.12:8080/live/51/51_0.m3u8,https://dtil.tmsimg.com/assets/s142881_ld_h15_aa.png?lock=720x540,"['#EXTVLCOPT:http-user-agent=Mozilla/5.0 (Windows NT 10.0; Win64; x64) AppleWebKit/537.36 (KHTML, like Gecko) Chrome/147.0.0.0 Safari/537.36']",FAILED,"Cannot connect to host 103.175.73.12:8080 ssl:False [Connect call failed ('103.175.73.12', 8080)]"
1,13_SM_Combined.m3u,Goldmines Movies 2,Sm All TV,ts823,,-1,https://cdn-2.pishow.tv/live/1460/master.m3u8,https://otapp.store/uploads/tv_image/sm/goldmines-movies.png,[],FAILED,HTTP Error: 404 Not Found
1,13_SM_Combined.m3u,Gopal Bhar,Cartoon,,,-1,https://live20.bozztv.com/giatvplayout7/giatv-209611/tracks-v1a1/mono.ts.m3u8,https://image.tmdb.org/t/p/w500/2YLtdalssU7ypT68jzzKyCZRfPr.jpg,[],OK,
1,13_SM_Combined.m3u,Gopal Bhar TV,Sm All TV,,,-1,https://live20.bozztv.com/giatvplayout7/giatv-209611/tracks-v1a1/mono.ts.m3u8,https://i.postimg.cc/T10jC1zQ/1000086945.jpg,[],OK,
1,00_Live_Streams.m3u,Green TV,Sm All TV,,,-1,https://app.ncare.live/c3VydmVyX8RpbEU9Mi8xNy8yMDE0GIDU6RgzQ6NTAgdEoaeFzbF92YWxIZTO0U0ezN1IzMyfvcGVMZEJCTEFWeVN3PTOmdFsaWRtaW51aiPhnPTI2/greentv.stream/playlist.m3u8,https://raw.githubusercontent.com/subirkumarpaul/Logo/main/Green%20TV.png,[],OK,
1,11_FAST_IPTV_Z.m3u,Green TV,Bangladeshi,,,-1,https://app.ncare.live/c3VydmVyX8RpbEU9Mi8xNy8yMDE0GIDU6RgzQ6NTAgdEoaeFzbF92YWxIZTO0U0ezN1IzMyfvcGVMZEJCTEFWeVN3PTOmdFsaWRtaW51aiPhnPTI2/greentv.stream/playlist.m3u8,https://i.postimg.cc/ry4QcVbh/20240822-231240.png,[],OK,
1,12_Sydul104_My.m3u,Green TV,Bangla,,,-1,https://app.ncare.live/c3VydmVyX8RpbEU9Mi8xNy8yMDE0GIDU6RgzQ6NTAgdEoaeFzbF92YWxIZTO0U0ezN1IzMyfvcGVMZEJCTEFWeVN3PTOmdFsaWRtaW51aiPhnPTI2/greentv.stream/live-orgin/greentv.stream/chunks.m3u8,https://raw.githubusercontent.com/subirkumarpaul/Logo/main/Green%20TV.png,[],OK,
1,13_SM_Combined.m3u,Green TV,Sm All TV,,,-1,https://app24.jagobd.com.bd/c3VydmVyX8RpbEU9Mi8xNy8yMFDEEHGcfRgzQ6NTAgdEoaeFzbF92YWxIZTO0U0ezN1IzMyfvcEdsEfeDeKiNkVN3PTOmdFseWRtaW51aiPhnPTI2/greentv.stream/index.m3u8,https://i.postimg.cc/ry4QcVbh/20240822-231240.png,[],OK,
1,13_SM_Combined.m3u,Green TV,Sm All TV,,,-1,https://app.ncare.live/c3VydmVyX8RpbEU9Mi8xNy8yMDE0GIDU6RgzQ6NTAgdEoaeFzbF92YWxIZTO0U0ezN1IzMyfvcGVMZEJCTEFWeVN3PTOmdFsaWRtaW51aiPhnPTI2/greentv.stream/playlist.m3u8,https://raw.githubusercontent.com/subirkumarpaul/Logo/main/Green%20TV.png,[],OK,
1,14_IPTV_Org_BD.m3u,Green TV (1080p),Family,GreenTV.bd@SD,,-1,https://app.ncare.live/c3VydmVyX8RpbEU9Mi8xNy8yMDE0GIDU6RgzQ6NTAgdEoaeFzbF92YWxIZTO0U0ezN1IzMyfvcGVMZEJCTEFWeVN3PTOmdFsaWRtaW51aiPhnPTI2/greentv.stream/live-orgin/greentv.stream/playlist.m3u8,https://www.jagobd.com/wp-content/uploads/2022/12/green-tv.jpg,[],OK,
1,12_Sydul104_My.m3u,Hbo,English Movie,KhushbooBangla.in,,-1,http://103.213.31.111/HBOHD/index.m3u8,https://upload.wikimedia.org/wikipedia/commons/thumb/d/de/HBO_logo.svg/2560px-HBO_logo.svg.png,[],FAILED,Connection timeout to host http://103.213.31.111/HBOHD/index.m3u8
1,13_SM_Combined.m3u,Hindi Movies 3,Sm All TV,,,-1,https://vods2.aynaott.com/hindimovies/index.m3u8,https://bugsfreeweb.github.io/LiveTVCollector/BugsfreeLogo/default-logo.png,[],OK,
1,13_SM_Combined.m3u,History,Sm All TV,1471,,-1,https://n18syndication.akamaized.net/bpk-tv/History_TV18_Hindi_NW18_MOB/output01/master.m3u8,https://images.toffeelive.com/images/program/2429/logo/240x240/mobile_logo_009938001674474908.png,[],OK,
1,15_IPTV_Org_IN.m3u,History Tv18 (576p),Documentary,HistoryTV18.in@SD,,-1,http://103.72.101.252:8080/live/1471.m3u8,https://dtil.tmsimg.com/assets/s143132_ld_h15_aa.png?lock=720x540,[],FAILED,Connection timeout to host http://103.72.101.252:8080/live/1471.m3u8
1,15_IPTV_Org_IN.m3u,History Tv18 HD (1080p),Documentary,HistoryTV18.in@HD,,-1,http://103.154.3.101:5001/live/577.m3u8,https://dtil.tmsimg.com/assets/s143133_ld_h15_aa.png?lock=720x540,[],FAILED,"Cannot connect to host 103.154.3.101:5001 ssl:False [Connect call failed ('103.154.3.101', 5001)]"
1,13_SM_Combined.m3u,Hum,Toffee,780,HUM,-1,https://bldcmprod-cdn.toffeelive.com/cdn/live/hum_tv/playlist.m3u8,https://assets-prod.services.toffeelive.com/0C63X5UBv9knK3AHxaOs/posters/6dce1143-1045-4fec-ac4f-86d2bfb32447.png,"['#KODIPROP:inputstream.adaptive.stream_headers=Host=bldcmprod-cdn.toffeelive.com&cookie=Edge-Cache-Cookie%3DURLPrefix%3DaHR0cHM6Ly9ibGRjbXByb2QtY2RuLnRvZmZlZWxpdmUuY29t:Expires%3D1788739246:KeyName%3Dprod_linear:Signature%3DBoMUIUuOsNmvrWb1c0Q8jH_T5Cp35Ms_U4wmQ0V8VTLRREDi5YBnmHXjJC7IodtD5p3WMVxHDwZwNMdtD06JBQ&user-agent=okhttp/5.1.0&client-api-header=null&accept-encoding=gzip', '#EXTVLCOPT:http-user-agent=okhttp/5.1.0', '#EXTHTTP:{""Host"": ""bldcmprod-cdn.toffeelive.com"", ""cookie"": ""Edge-Cache-Cookie=URLPrefix=aHR0cHM6Ly9ibGRjbXByb2QtY2RuLnRvZmZlZWxpdmUuY29t:Expires=1788739246:KeyName=prod_linear:Signature=BoMUIUuOsNmvrWb1c0Q8jH_T5Cp35Ms_U4wmQ0V8VTLRREDi5YBnmHXjJC7IodtD5p3WMVxHDwZwNMdtD06JBQ"", ""client-api-header"": ""null"", ""accept-encoding"": ""gzip""}']",OK,
1,13_SM_Combined.m3u,Hum Sitaray,Toffee,,HUM Sitaray,-1,https://bldcmprod-cdn.toffeelive.com/cdn/live/hum_sitaray/playlist.m3u8,https://assets-prod.services.toffeelive.com/WtPBX5UBm1RY_In7mXEU/posters/188d51f6-aeef-41ed-835b-e25ff911e209.png,"['#KODIPROP:inputstream.adaptive.stream_headers=Host=bldcmprod-cdn.toffeelive.com&cookie=Edge-Cache-Cookie%3DURLPrefix%3DaHR0cHM6Ly9ibGRjbXByb2QtY2RuLnRvZmZlZWxpdmUuY29t:Expires%3D1788739246:KeyName%3Dprod_linear:Signature%3DBoMUIUuOsNmvrWb1c0Q8jH_T5Cp35Ms_U4wmQ0V8VTLRREDi5YBnmHXjJC7IodtD5p3WMVxHDwZwNMdtD06JBQ&user-agent=okhttp/5.1.0&client-api-header=null&accept-encoding=gzip', '#EXTVLCOPT:http-user-agent=okhttp/5.1.0', '#EXTHTTP:{""Host"": ""bldcmprod-cdn.toffeelive.com"", ""cookie"": ""Edge-Cache-Cookie=URLPrefix=aHR0cHM6Ly9ibGRjbXByb2QtY2RuLnRvZmZlZWxpdmUuY29t:Expires=1788739246:KeyName=prod_linear:Signature=BoMUIUuOsNmvrWb1c0Q8jH_T5Cp35Ms_U4wmQ0V8VTLRREDi5YBnmHXjJC7IodtD5p3WMVxHDwZwNMdtD06JBQ"", ""client-api-header"": ""null"", ""accept-encoding"": ""gzip""}']",OK,
1,15_IPTV_Org_IN.m3u,Hungama TV (576p),Kids,HungamaTV.in@SD,,-1,http://103.185.24.134:3001/HUNGAMA/index.m3u8,https://xstreamcp-assets-msp.streamready.in/assets/LIVETV/LIVECHANNEL/LIVETV_LIVETVCHANNEL_HUNGAMA/images/LOGO_HD/image.png,[],OK,
1,12_Sydul104_My.m3u,Icc_9xm,Music,587,,-1,https://wiselp.wiseplayout.com/9XM/HD1080/HD1080.m3u8,https://s4.gifyu.com/images/image86b5f8b135364512.png,[],OK,
1,13_SM_Combined.m3u,In | Bangla Jago TV,Sm All TV,BanglaJagoTV,,-1,http://banglajagotv.livebox.co.in:80/banglajagohls/24x7.m3u8,https://banglajagotv.com/wp-content/themes/BANGLAJAGOTV/images/logo.png,[],OK,
1,11_FAST_IPTV_Z.m3u,Independent,Bangladeshi,,,-1,https://stream.ottplus.bd/live/independent_tv_abr/index.m3u8,https://i.postimg.cc/gr9VXZTM/20240822-230259.png,[],OK,
1,00_Live_Streams.m3u,Independent TV,Toffee,,,-1,https://owrcovcrpy.gpcdn.net/bpk-tv/1704/output/index.m3u8,https://cdn.itvbd.net/contents/themes/public/style/images/logo.png,[],FAILED,HTTP Error: 403 Forbidden
1,12_Sydul104_My.m3u,Independent TV,Bangla,,,-1,https://owrcovcrpy.gpcdn.net/bpk-tv/1704/output/index.m3u8,https://dl.dropbox.com/s/7xwwb8hetz3w8rp/independent_tv.png,"['#http://xtv.ooo:8080/213112/213112/245916', '#https://app24.jagobd.com.bd/c3VydmVyX8RpbEU9Mi8xNy8yMFDDEHGcfRgzQ6NTAgdEoaeFzbF92YWxIZTO0U0ezN1IzMyfvcEdsEfeDeKiNkVN3PTOmdFsaWRtaW51aiPhnPTI2/independent-8-org.stream/playlist.m3u8', '#https://tvsen6.aynaott.com/independenttv/index.m3u8']",FAILED,HTTP Error: 403 Forbidden
1,13_SM_Combined.m3u,Independent TV,Sm All TV,247000,,-1,http://premiumtvs.space/live/YqXTywueEV/damp2purchase/423.ts,https://i.postimg.cc/gr9VXZTM/20240822-230259.png,[],OK,
1,13_SM_Combined.m3u,Independent TV,Sm All TV,247000,Independent TV ,-1,http://premiumtvs.space/live/YqXTywueEV/damp2purchase/423.ts,https://tstatic.akash-go.com/cms-ui/images/custom-content/1778087037971.png,[],OK,
1,13_SM_Combined.m3u,Independent TV,Toffee,,Independent TV,-1,https://bldcmprod-cdn.toffeelive.com/cdn/live/independent_tv/playlist.m3u8,https://assets-prod.services.toffeelive.com/ES_cZZsBNnOkwJLW1Oz1/posters/b872b8f5-cb6b-45a1-a1cd-7609df51d614.png,"['#KODIPROP:inputstream.adaptive.stream_headers=Host=bldcmprod-cdn.toffeelive.com&cookie=Edge-Cache-Cookie%3DURLPrefix%3DaHR0cHM6Ly9ibGRjbXByb2QtY2RuLnRvZmZlZWxpdmUuY29t:Expires%3D1788739246:KeyName%3Dprod_linear:Signature%3DBoMUIUuOsNmvrWb1c0Q8jH_T5Cp35Ms_U4wmQ0V8VTLRREDi5YBnmHXjJC7IodtD5p3WMVxHDwZwNMdtD06JBQ&user-agent=okhttp/5.1.0&client-api-header=null&accept-encoding=gzip', '#EXTVLCOPT:http-user-agent=okhttp/5.1.0', '#EXTHTTP:{""Host"": ""bldcmprod-cdn.toffeelive.com"", ""cookie"": ""Edge-Cache-Cookie=URLPrefix=aHR0cHM6Ly9ibGRjbXByb2QtY2RuLnRvZmZlZWxpdmUuY29t:Expires=1788739246:KeyName=prod_linear:Signature=BoMUIUuOsNmvrWb1c0Q8jH_T5Cp35Ms_U4wmQ0V8VTLRREDi5YBnmHXjJC7IodtD5p3WMVxHDwZwNMdtD06JBQ"", ""client-api-header"": ""null"", ""accept-encoding"": ""gzip""}']",OK,
1,15_IPTV_Org_IN.m3u,India Today (720p),News,IndiaToday.in@SD,,-1,https://d1rc86nwwc9fag.cloudfront.net/vglive-sk-293160/master.m3u8,https://xstreamcp-assets-msp.streamready.in/assets/LIVETV/LIVECHANNEL/LIVETV_LIVETVCHANNEL_INDIA_TODAY/images/LOGO_HD/image.png,[],OK,
1,11_FAST_IPTV_Z.m3u,Iqra Bangla,Islamic,,,-1,https://app.ncare.live/c3VydmVyX8RpbEU9Mi8xNy8yMDE0GIDU6RgzQ6NTAgdEoaeFzbF92YWxIZTO0U0ezN1IzMyfvcGVMZEJCTEFWeVN3PTOmdFsaWRtaW51aiPhnPTI2/iqrabanglatvoffice.stream/live-orgin/iqrabanglatvoffice.stream/chunks.m3u8,https://i.postimg.cc/qqLNkFLg/20250531-104940.png,[],OK,
1,13_SM_Combined.m3u,Iqra Bangla,Sm All TV,,,-1,https://app.ncare.live/c3VydmVyX8RpbEU9Mi8xNy8yMDE0GIDU6RgzQ6NTAgdEoaeFzbF92YWxIZTO0U0ezN1IzMyfvcGVMZEJCTEFWeVN3PTOmdFsaWRtaW51aiPhnPTI2/iqrabanglatvoffice.stream/live-orgin/iqrabanglatvoffice.stream/chunks.m3u8,https://i.postimg.cc/qqLNkFLg/20250531-104940.png,[],OK,
1,13_SM_Combined.m3u,Iqraa TV,Sm All TV,,,-1,https://playlist.fasttvcdn.com/pl/dlkqw1ftuvuuzkcb4pxdcg/Iqraafasttv1/playlist.m3u8,https://i.postimg.cc/gcHKBtjy/20260524-023828.png,[],OK,
1,12_Sydul104_My.m3u,Iran International,Ungrouped,,,-1,https://dev-live.livetvstream.co.uk/LS-63503-4/chunklist_b1196000.m3u8,,[],OK,
1,12_Sydul104_My.m3u,Islamic TV,Islamic,,,-1,https://owrcovcrpy.gpcdn.net/bpk-tv/1724/output/index.m3u8,https://images-na.ssl-images-amazon.com/images/I/71CywdrFaZL.png,[],FAILED,HTTP Error: 403 Forbidden
1,13_SM_Combined.m3u,Islamic TV,Sm All TV,223000,Islamic TV,-1,https://owrcovcrpy.gpcdn.net/bpk-tv/1724/output/index.m3u8,https://tstatic.akash-go.com/cms-ui/images/custom-content/1772728412891.png,[],FAILED,HTTP Error: 403 Forbidden
1,13_SM_Combined.m3u,Islamic TV,Sm All TV,223000,,-1,https://app24.jagobd.com.bd/c3VydmVyX8RpbEU9Mi8xNy8yMFDEEHGcfRgzQ6NTAgdEoaeFzbF92YWxIZTO0U0ezN1IzMyfvcEdsEfeDeKiNkVN3PTOmdFseWRtaW51aiPhnPTI2/islamictvbd.stream/index.m3u8,https://tstatic.akash-go.com/cms-ui/images/custom-content/1772728412891.png,[],OK,
1,13_SM_Combined.m3u,Islamic TV,Toffee,,Islamic TV,-1,https://bldcmprod-cdn.toffeelive.com/cdn/live/islamic_tv/playlist.m3u8,https://assets-prod.services.toffeelive.com/jehEA54BIxFjn23xAmdw/posters/2c276556-cbcd-4467-b627-4394bb20f250.png,"['#KODIPROP:inputstream.adaptive.stream_headers=Host=bldcmprod-cdn.toffeelive.com&cookie=Edge-Cache-Cookie%3DURLPrefix%3DaHR0cHM6Ly9ibGRjbXByb2QtY2RuLnRvZmZlZWxpdmUuY29t:Expires%3D1788739251:KeyName%3Dprod_linear:Signature%3DU3N8bYGfi4by4kCh2QIeeFG7oAByjxBWIHpopMcESjyrGEt7o07Ir78T3wq4XixdpLbAoxc9TnBG_2gmyqmMBg&user-agent=okhttp/5.1.0&client-api-header=null&accept-encoding=gzip', '#EXTVLCOPT:http-user-agent=okhttp/5.1.0', '#EXTHTTP:{""Host"": ""bldcmprod-cdn.toffeelive.com"", ""cookie"": ""Edge-Cache-Cookie=URLPrefix=aHR0cHM6Ly9ibGRjbXByb2QtY2RuLnRvZmZlZWxpdmUuY29t:Expires=1788739251:KeyName=prod_linear:Signature=U3N8bYGfi4by4kCh2QIeeFG7oAByjxBWIHpopMcESjyrGEt7o07Ir78T3wq4XixdpLbAoxc9TnBG_2gmyqmMBg"", ""client-api-header"": ""null"", ""accept-encoding"": ""gzip""}']",OK,
1,15_IPTV_Org_IN.m3u,J Movie (576p),Movies,JMovie.in@SD,,-1,http://103.72.101.252:8080/live/417.m3u8,https://xstreamcp-assets-msp.streamready.in/assets/LIVETV/LIVECHANNEL/LIVETV_LIVETVCHANNEL_J_MOVIES/images/LOGO_HD/image.png,[],FAILED,Connection timeout to host http://103.72.101.252:8080/live/417.m3u8
1,00_Live_Streams.m3u,Jago News 24,Sm All TV,501,,-1,https://app.ncare.live/live-orgin/jagonews24.stream/playlist.m3u8,https://raw.githubusercontent.com/BadhanStrom/img/refs/heads/main/Jago_News_24.png,[],OK,
1,11_FAST_IPTV_Z.m3u,Jago News 24,Bangladeshi,501,,-1,https://app.ncare.live/live-orgin/jagonews24.stream/playlist.m3u8,https://i.imgur.com/sqeIrMo.jpeg,[],OK,
1,13_SM_Combined.m3u,Jago News 24,Sm All TV,501,,-1,https://app.ncare.live/live-orgin/jagonews24.stream/playlist.m3u8,https://www.jagobd.com/wp-content/uploads/2024/08/jagonews.jpg,[],OK,
1,13_SM_Combined.m3u,Jago News 24,Sm All TV,501,,-1,https://app.ncare.live/live-orgin/jagonews24.stream/playlist.m3u8,https://www.jagobd.com/wp-content/uploads/2024/08/jagonews.jpg,[],OK,
1,15_IPTV_Org_IN.m3u,Jaihind TV (576p),Entertainment,JaihindTV.in@SD,,-1,https://mumt03.tangotv.in/Dsly5z3HJAIHIND/index.m3u8,https://i.imgur.com/NaiA73p.png,[],OK,
1,00_Live_Streams.m3u,Jalsha Movies,Indian Bangla,457,,-1,http://mag.king-4k.cc:80/C1645263A1D245C/1sFTVBSVCP/1458372,https://static.wikia.nocookie.net/logopedia/images/0/04/Jalsha_Movies_HD.png,[],FAILED,HTTP Error: 401 Unauthorized
1,13_SM_Combined.m3u,Jalsha Movies,Sm All TV,77,,-1,http://103.151.61.12/Jalsha_Movie/tracks-v1a1/mono.m3u8,https://tstatic.akash-go.com/cms-ui/images/custom-content/1739965013824.png,[],FAILED,Connection timeout to host http://103.151.61.12/Jalsha_Movie/tracks-v1a1/mono.m3u8
1,00_Live_Streams.m3u,Jalsha Movies HD,Indian Bangla,457,,-1,http://mag.king-4k.cc:80/C1645263A1D245C/1sFTVBSVCP/63524,https://static.wikia.nocookie.net/logopedia/images/0/04/Jalsha_Movies_HD.png,[],FAILED,HTTP Error: 401 Unauthorized
1,11_FAST_IPTV_Z.m3u,Jalsha Movies HD,Indian Bangla,457,,-1,http://103.165.93.31:8095/jalshaMovies/tracks-v1a1/mono.m3u8,https://i.postimg.cc/rFcCkS5m/20240822_231714.png,[],OK,
1,13_SM_Combined.m3u,Jalsha Movies HD,Sm All TV,457,,-1,http://rgkkw.live:80/live/1Aoen7elp5/IgMJ60tmAa/425.ts,https://static.wikia.nocookie.net/logopedia/images/0/04/Jalsha_Movies_HD.png,[],OK,
1,13_SM_Combined.m3u,Jalsha Movies HD,Sm All TV,457,,-1,http://103.191.99.248:5550/303/index.m3u8,https://static.wikia.nocookie.net/logopedia/images/0/04/Jalsha_Movies_HD.png,[],FAILED,"Cannot connect to host 103.191.99.248:5550 ssl:False [Connect call failed ('103.191.99.248', 5550)]"
1,12_Sydul104_My.m3u,Jalsha Movies SD,Indian Bangla,457,,-1,https://live.bdixbd.net/api/proxy/stream.m3u8?url=http%3A%2F%2F103.114.11.37%3A8081%2FJalsha-Movies%2Ftracks-v1a1%2Fmono.m3u8%3Ftoken%3Ddsfsdfsdfsdf,https://static.wikia.nocookie.net/logopedia/images/0/04/Jalsha_Movies_HD.png/revision/latest?cb=20190806073703,[],FAILED,Connection timeout to host https://live.bdixbd.net/api/proxy/stream.m3u8?url=http://103.114.11.37:8081/Jalsha-Movies/tracks-v1a1/mono.m3u8?token%3Ddsfsdfsdfsdf
1,11_FAST_IPTV_Z.m3u,Jamuna,Bangladeshi,,,-1,https://tvsen6.aynaott.com/KGdZEdA7qQ43dmPkgk1j/index.m3u8,https://i.postimg.cc/G2V7K9fD/20240822-230750.png,[],OK,
1,00_Live_Streams.m3u,Jamuna TV,Toffee,,,-1,https://owrcovcrpy.gpcdn.net/bpk-tv/1701/output/index.m3u8,https://jamunagroup.com.bd/company-images/1662487622-mdshamimislam.png,[],FAILED,HTTP Error: 403 Forbidden
1,12_Sydul104_My.m3u,Jamuna TV,Bangla,,,-1,https://owrcovcrpy.gpcdn.net/bpk-tv/1701/output/index.m3u8,https://dl.dropbox.com/s/k7z1dsec1jfjbkn/jamuna_tv_bd.png,['#https://owrcovcrpy.gpcdn.net/bpk-tv/1701/output/1701-audio_113312_eng=113200-video=1692000.m3u8'],FAILED,HTTP Error: 403 Forbidden
1,13_SM_Combined.m3u,Jamuna TV,Sm All TV,97000,Jamuna TV,-1,https://stream.ottplus.live/live/jamuna_tv_abr/index.m3u8,https://tstatic.akash-go.com/cms-ui/images/custom-content/1735560213832.png,[],OK,
1,13_SM_Combined.m3u,Jamuna TV,Sm All TV,97000,,-1,https://tvsen6.aynaott.com/KGdZEdA7qQ43dmPkgk1j/index.m3u8,"https://assets-prod.services.toffeelive.com/f_png,w_300,q_85/PiL635oBEef-9-uV2uCe/posters/36f380e0-6c71-4b27-a73b-2afb3ce7e982.png",[],OK,
1,13_SM_Combined.m3u,Jamuna TV,Toffee,,Jamuna TV,-1,https://bldcmprod-cdn.toffeelive.com/cdn/live/jamuna_tv/playlist.m3u8,https://assets-prod.services.toffeelive.com/PiL635oBEef-9-uV2uCe/posters/36f380e0-6c71-4b27-a73b-2afb3ce7e982.png,"['#KODIPROP:inputstream.adaptive.stream_headers=Host=bldcmprod-cdn.toffeelive.com&cookie=Edge-Cache-Cookie%3DURLPrefix%3DaHR0cHM6Ly9ibGRjbXByb2QtY2RuLnRvZmZlZWxpdmUuY29t:Expires%3D1788739248:KeyName%3Dprod_linear:Signature%3DXgp58WNfohojIAEI-ommTMq-82l7MOkb6C6Xn-fSooQ91IsjgNM27bavqfNq3i0gu0VVJUL2u0WHWXkggDONAA&user-agent=okhttp/5.1.0&client-api-header=null&accept-encoding=gzip', '#EXTVLCOPT:http-user-agent=okhttp/5.1.0', '#EXTHTTP:{""Host"": ""bldcmprod-cdn.toffeelive.com"", ""cookie"": ""Edge-Cache-Cookie=URLPrefix=aHR0cHM6Ly9ibGRjbXByb2QtY2RuLnRvZmZlZWxpdmUuY29t:Expires=1788739248:KeyName=prod_linear:Signature=Xgp58WNfohojIAEI-ommTMq-82l7MOkb6C6Xn-fSooQ91IsjgNM27bavqfNq3i0gu0VVJUL2u0WHWXkggDONAA"", ""client-api-header"": ""null"", ""accept-encoding"": ""gzip""}']",OK,
1,15_IPTV_Org_IN.m3u,K News India (576p),News,KNewsIndia.in@SD,,-1,https://mumt07.tangotv.in/zHjX9OFlKNEWSINDIA/index.m3u8,https://jiotvimages.cdn.jio.com/dare_images/images/K_News_India.png,[],OK,
1,15_IPTV_Org_IN.m3u,Kabaddi 24x7 (576p),Sports,Kabaddi24x7.in@SD,,-1,http://180.188.254.253/live/KABADDI24X7.m3u8,https://papaji.freetvindia.com/media/kabaddi_24x7.png,[],OK,
1,00_Live_Streams.m3u,Khusboo Bangla,Entertainment,,,-1,http://103.175.73.12:8080/live/375/375_0.m3u8,https://static.wikia.nocookie.net/logopedia/images/e/e1/Khushboo_Bangla_logo_2017.png,[],FAILED,"Cannot connect to host 103.175.73.12:8080 ssl:False [Connect call failed ('103.175.73.12', 8080)]"
1,15_IPTV_Org_IN.m3u,Khushboo Bangla (720p),Entertainment,KhushbooBangla.in@SD,,-1,https://cdn-4.pishow.tv/live/1473/master.m3u8,https://xstreamcp-assets-msp.streamready.in/assets/LIVETV/LIVECHANNEL/LIVETV_LIVETVCHANNEL_KHUSHBOO_BANGLA/images/LOGO_HD/image.png,[],FAILED,HTTP Error: 404 Not Found
1,13_SM_Combined.m3u,Kolkata TV,Sm All TV,1264,,-1,https://cdn.ottlive.co.in/kolkatatv/index.m3u8,https://jio.dinesh29.com.np/smart/ardinesh/logos/kolkata-tv.png,[],OK,
1,12_Sydul104_My.m3u,Live 1,Sports,,,-1,http://10.20.30.30:8989/PTV/tracks-v1a1/mono.ts.m3u8,http://dds.oncast.me/img/logo/sp1.png,[],FAILED,HTTP Error: 404 Not Found
1,12_Sydul104_My.m3u,Live 2,Sports,2022,,-1,http://10.20.30.30:8989/WILLOW/tracks-v1a1/mono.ts.m3u8,http://dds.oncast.me/img/logo/sp1.png,[],FAILED,HTTP Error: 404 Not Found
1,12_Sydul104_My.m3u,Live 3,Sports,,,-1,http://10.20.30.30:8989/SonyTen1/tracks-v1a1/mono.ts.m3u8,http://dds.oncast.me/img/logo/sp1.png,[],FAILED,HTTP Error: 404 Not Found
1,12_Sydul104_My.m3u,Live 4,Sports,,,-1,http://10.20.30.30:8989/SonyTen2/tracks-v1a1/mono.ts.m3u8,http://dds.oncast.me/img/logo/sp1.png,[],FAILED,HTTP Error: 404 Not Found
1,12_Sydul104_My.m3u,Live 5,Sports,,,-1,http://10.20.30.30:8989/SonyTen5/tracks-v1a1/mono.ts.m3u8,http://dds.oncast.me/img/logo/sp1.png,[],FAILED,HTTP Error: 404 Not Found
1,12_Sydul104_My.m3u,Live 6,Sports,,,-1,http://10.20.30.30:8989/StarSportSL_1/tracks-v1a1/mono.ts.m3u8,http://dds.oncast.me/img/logo/sp1.png,[],FAILED,HTTP Error: 404 Not Found
1,12_Sydul104_My.m3u,Live 7,Sports,,,-1,http://10.20.30.30:8989/WILLOWHD/tracks-v1a1/mono.ts.m3u8,http://dds.oncast.me/img/logo/sp1.png,[],FAILED,HTTP Error: 404 Not Found
1,15_IPTV_Org_IN.m3u,Live India (576p),News,LiveIndia.in@SD,,-1,http://ptuf.ridsys.in/riptv/live/GEMINI_TV/index.m3u8,https://i.imgur.com/z5pkRDU.png,[],OK,
1,12_Sydul104_My.m3u,Live Sports 1 (fifa World Cup),Sports,,,-1,https://dfr80qz435crc.cloudfront.net/MNOP/Amagi/Caze/Caze_TV_BR/1080p-vtt/index.m3u8,http://dds.oncast.me/img/logo/sp1.png,[],FAILED,HTTP Error: 403 Forbidden
1,12_Sydul104_My.m3u,Live Sports 2 (fifa World Cup),Sports,,,-1,https://a62dad94.wurl.com/master/f36d25e7e52f1ba8d7e56eb859c636563214f541/UmFrdXRlblRWLWV1X0ZJRkFQbHVzRW5nbGlzaF9ITFM/playlist.m3u8,http://dds.oncast.me/img/logo/sp2.png,['#https://d1g8wgjurz8via.cloudfront.net/bpk-tv/ColorsHD/default/ColorsHD.m3u8'],OK,
1,12_Sydul104_My.m3u,Live Sports 3,Sports,,,-1,http://151.80.18.177:86/Eurosport_HD/index.m3u8,http://dds.oncast.me/img/logo/sp3.png,[],FAILED,Connection timeout to host http://151.80.18.177:86/Eurosport_HD/index.m3u8
1,12_Sydul104_My.m3u,Lotus,English Movie,,,-1,http://103.151.60.162:2121/play/a00q/index.m3u8,https://i.ibb.co/Ns62bY2/2021-04-22-10-24-01.png,[],FAILED,"Cannot connect to host 103.151.60.162:2121 ssl:False [Connect call failed ('103.151.60.162', 2121)]"
1,11_FAST_IPTV_Z.m3u,Love Natural,Documentory,,,-1,https://bamusa-naturetime-emea-eng-rakuten.amagi.tv/playlist.m3u8,https://i.postimg.cc/MZR248Yw/20240823-024104.png,[],OK,
1,13_SM_Combined.m3u,Love Natural,Sm All TV,,,-1,http://27.124.71.27/Love_Nature/index.m3u8,https://i.postimg.cc/MZR248Yw/20240823-024104.png,[],OK,
1,12_Sydul104_My.m3u,Love Nature,Documentary,,,-1,https://cdn1.logichost.in/ajmantv/live/playlist.m3u8,https://upload.wikimedia.org/wikipedia/en/1/1d/Love_Nature_TV.png,[],OK,
1,11_FAST_IPTV_Z.m3u,Maasranga,Bangladeshi,1112,,-1,https://mtv.sunplex.live/MAASRANGA/index.m3u8,https://i.postimg.cc/1R8bF1d6/20240822-230344.png,[],OK,
1,00_Live_Streams.m3u,Maasranga TV,Sm All TV,1112,,-1,http://116.204.149.16/maasranga/index.m3u8,https://static.wikia.nocookie.net/etv-gspn-bangla/images/7/7a/Maasranga_Television_logo.jpg,[],OK,
1,12_Sydul104_My.m3u,Maasranga TV,Bangla,1112,,-1,https://owrcovcrpy.gpcdn.net/bpk-tv/1722/output/index.m3u8,https://upload.wikimedia.org/wikipedia/en/thumb/3/39/Maasranga_Television_Logo.jpg/180px-Maasranga_Television_Logo.jpg,['#https://mtv.sunplex.live/MAASRANGA-TV/tracks-v1a1/mono.m3u8'],FAILED,HTTP Error: 403 Forbidden
1,13_SM_Combined.m3u,Maasranga TV,Sm All TV,229000,Maasranga TV,-1,https://mtv.sunplex.live/MAASRANGA/index.m3u8,https://tstatic.akash-go.com/cms-ui/images/custom-content/1773680325498.png,[],OK,
1,13_SM_Combined.m3u,Maasranga TV,Sm All TV,229000,,-1,http://tvsen5.aynascope.net/maasrangatv/index.m3u8,https://tstatic.akash-go.com/cms-ui/images/custom-content/1773680325498.png,[],OK,
1,14_IPTV_Org_BD.m3u,Maasranga TV (720p),Entertainment,MaasrangaTV.bd@SD,,-1,http://tvsen5.aynascope.net/maasrangatv/index.m3u8,https://i.imgur.com/uVZJMed.png,[],OK,
1,12_Sydul104_My.m3u,Madina Live,Islamic,,,-1,https://cdn-globecast.akamaized.net/live/eds/saudi_sunnah/hls_roku/index.m3u8,https://images-na.ssl-images-amazon.com/images/I/71CywdrFaZL.png,"['#https://bds.jagobd.com:447/c3VydmVyX8RpbEU9Mi8xNy8yMDE0GIDU6RgzQ6NTAgdEoaeFzbF92YWxIZTO0U0ezN1IzMyfvcGVMZEJCTEFWeVN3PTOmdFsaWRtaW51aiPhnPTI2/madina.stream/tracks-v1a1/mono.m3u8', '#http://tv.cloudcdn.me/live.ts?channelId=223&uid=8164&deviceMac=00:1A:79:17:D4:A1', '#http://m.live.net.sa:1935/live/sunnah/chunklist.m3u8']",OK,
1,11_FAST_IPTV_Z.m3u,Makkah Live,Islamic,,,-1,https://app24.jagobd.com.bd/c3VydmVyX8RpbEU9Mi8xNy8yMFDEEHGcfRgzQ6NTAgdEoaeFzbF92YWxIZTO0U0ezN1IzMyfvcEdsEfeDeKiNkVN3PTOmdFseWRtaW51aiPhnPTI2/makkah.stream/index.m3u8,https://www.jagobd.com/wp-content/uploads/2020/05/MakkahLive.jpg,[],OK,
1,13_SM_Combined.m3u,Makkah TV,Sm All TV,,,-1,https://app24.jagobd.com.bd/c3VydmVyX8RpbEU9Mi8xNy8yMFDEEHGcfRgzQ6NTAgdEoaeFzbF92YWxIZTO0U0ezN1IzMyfvcEdsEfeDeKiNkVN3PTOmdFseWRtaW51aiPhnPTI2/makkah.stream/playlist.m3u8,http://data.jaagobd.com/media/channel_logos/C16.jpg,[],OK,
1,15_IPTV_Org_IN.m3u,Malai Murasu TV (576p),News,MalaiMurasuTV.in@SD,,-1,https://streams.tangotv.in/MALAIMURASUSEITHIGAL/ORIGIN/index.m3u8,https://i.imgur.com/OC5TQxp.png,[],OK,
1,15_IPTV_Org_IN.m3u,Mango (576p),Entertainment,Mango.in@SD,,-1,https://stmv6.voxtvhd.com.br/cinehindi/cinehindi/playlist.m3u8,https://i.imgur.com/neZm4CY.png,[],OK,
1,00_Live_Streams.m3u,ME TV,Sm All TV,517,,-1,https://iptvbd.live/metv1080/1080.m3u8,https://www.metvbd.com/media/common/logo-fb.png,[],OK,
1,11_FAST_IPTV_Z.m3u,ME TV,Bangladeshi,517,,-1,https://iptvbd.live/metv1080/1080.m3u8,https://i.postimg.cc/9fq1Q4Hz/20240825_070144.png,[],OK,
1,13_SM_Combined.m3u,ME TV,Sm All TV,517,,-1,https://iptvbd.live/metv1080/1080.m3u8,https://www.metvbd.com/media/common/logo-fb.png,[],OK,
1,13_SM_Combined.m3u,ME TV,Sm All TV,517,,-1,https://iptvbd.live/metv1080/1080.m3u8,https://www.metvbd.com/media/common/logo-fb.png,[],OK,
1,11_FAST_IPTV_Z.m3u,Medina Live,Islamic,,,-1,https://app24.jagobd.com.bd/c3VydmVyX8RpbEU9Mi8xNy8yMFDEEHGcfRgzQ6NTAgdEoaeFzbF92YWxIZTO0U0ezN1IzMyfvcEdsEfeDeKiNkVN3PTOmdFseWRtaW51aiPhnPTI2/madina.stream/playlist.m3u8,https://www.jagobd.com/wp-content/uploads/2020/05/Medina-Live.jpg,[],OK,
1,15_IPTV_Org_IN.m3u,Mk Six (576p),Entertainment,MKSix.in@SD,,-1,https://mumt06.tangotv.in/qYyB8fXVMKSIX/index.m3u8,https://jiotvimages.cdn.jio.com/dare_images/images/MK_Six.png,[],OK,
1,15_IPTV_Org_IN.m3u,MNX (576p),Movies,MNX.in@SD,,-1,http://59.103.38.46:8000/play/a052/index.m3u8,https://xstreamcp-assets-msp.streamready.in/assets/LIVETV/LIVECHANNEL/LIVETV_LIVETVCHANNEL_MNX/images/LOGO_HD/image.png,[],OK,
1,12_Sydul104_My.m3u,MNX HD,English Movie,(no tvg-id),MNX,-1,https://nomawnoijl.gpcdn.net/akash/screem/playlist.m3u8,https://s4.gifyu.com/images/image8c255c8f4e981429.png,[],FAILED,HTTP Error: 403 Forbidden
1,15_IPTV_Org_IN.m3u,MNX HD (1080p),Movies,MNX.in@HD,,-1,http://149.71.34.166:8000/play/a05u/index.m3u8,https://xstreamcp-assets-msp.streamready.in/assets/LIVETV/LIVECHANNEL/LIVETV_LIVETVCHANNEL_MNX_HD/images/LOGO_HD/image.png,[],FAILED,"Cannot connect to host 149.71.34.166:8000 ssl:False [Connect call failed ('149.71.34.166', 8000)]"
1,12_Sydul104_My.m3u,Mohona TV,Bangla,,,-1,https://app24.jagobd.com.bd/c3VydmVyX8RpbEU9Mi8xNy8yMFDEEHGcfRgzQ6NTAgdEoaeFzbF92YWxIZTO0U0ezN1IzMyfvcEdsEfeDeKiNkVN3PTOmdFseWRtaW51aiPhnPTI2/mohonatv.stream/tracks-v1a1/mono.m3u8,https://upload.wikimedia.org/wikipedia/en/thumb/9/94/Mohona_tv_Logo.svg/1200px-Mohona_tv_Logo.svg.png,[],OK,
1,13_SM_Combined.m3u,Mohona TV,Sm All TV,,,-1,https://sm-iptv.sm-monirul-islam-rs.workers.dev/aynaott/mohona_tv/index.m3u8,https://i.imgur.com/ENyPcL0.png,[],FAILED,HTTP Error: 404 Not Found
1,13_SM_Combined.m3u,Mohona TV,Sm All TV,,Mohona TV,-1,https://app24.jagobd.com.bd/c3VydmVyX8RpbEU9Mi8xNy8yMFDEEHGcfRgzQ6NTAgdEoaeFzbF92YWxIZTO0U0ezN1IzMyfvcEdsEfeDeKiNkVN3PTOmdFseWRtaW51aiPhnPTI2/mohonatv.stream/tracks-v1a1/mono.m3u8,https://i.imgur.com/ENyPcL0.png,[],OK,
1,00_Live_Streams.m3u,Mohona TV HD,Sm All TV,,,-1,http://103.229.254.25:7001/play/a05t/index.m3u8,https://i.ibb.co.com/1JMhnC3G/MOHONA-TV-HD.png,[],FAILED,"Cannot connect to host 103.229.254.25:7001 ssl:False [Connect call failed ('103.229.254.25', 7001)]"
1,13_SM_Combined.m3u,Mohona TV HD,Sm All TV,,,-1,https://stream.ottplus.live/live/mohona_tv_abr/index.m3u8,https://i.ibb.co.com/1JMhnC3G/MOHONA-TV-HD.png,[],OK,
1,13_SM_Combined.m3u,Motu Patlu,Sm All TV,,,-1,https://live20.bozztv.com/giatvplayout7/giatv-209622/tracks-v1a1/mono.ts.m3u8,https://i.postimg.cc/WbKqj0w3/1000086946.jpg,[],OK,
1,13_SM_Combined.m3u,Motu Patlu,Cartoon,,,-1,https://live20.bozztv.com/giatvplayout7/giatv-209622/tracks-v1a1/mono.ts.m3u8,https://image.tmdb.org/t/p/w500/nXKXaGE0SkjvhnbFKc0dUWh1uwo.jpg,[],OK,
1,00_Live_Streams.m3u,Movie Bangla,Movies,,,-1,http://alvetv.com/moviebanglatv/8080/index.m3u8,https://moviebangla.tv/wp-content/uploads/2024/06/moviebanglatv-logo-2.png,[],OK,
1,13_SM_Combined.m3u,Movie Bangla,Sm All TV,,,-1,https://stream.ottplus.live/live/movie_bangla_abr/index.m3u8,"https://assets-prod.services.toffeelive.com/f_png,w_300,q_85/CXz4PJwBcqxnFHJBPwrG/posters/2f913e34-3a6c-45e6-9f1f-97bf129a2ff5.png",[],OK,
1,13_SM_Combined.m3u,Movie Bangla,Sm All TV,,Movie Bangla,-1,https://app24.jagobd.com.bd/c3VydmVyX8RpbEU9Mi8xNy8yMFDEEHGcfRgzQ6NTAgdEoaeFzbF92YWxIZTO0U0ezN1IzMyfvcEdsEfeDeKiNkVN3PTOmdFseWRtaW51aiPhnPTI2/moviebanglalink2.stream/tracks-v1a1/mono.m3u8,https://i.postimg.cc/wBN1BtXk/20251127_095813.png,[],OK,
1,13_SM_Combined.m3u,Movie Bangla,Sm All TV,,,-1,http://alvetv.com/moviebanglatv/8080/index.m3u8,https://moviebangla.tv/wp-content/uploads/2024/06/moviebanglatv-logo-2.png,[],OK,
1,13_SM_Combined.m3u,Movie Bangla,Sm All TV,,,-1,https://app24.jagobd.com.bd/c3VydmVyX8RpbEU9Mi8xNy8yMFDEEHGcfRgzQ6NTAgdEoaeFzbF92YWxIZTO0U0ezN1IzMyfvcEdsEfeDeKiNkVN3PTOmdFseWRtaW51aiPhnPTI2/moviebanglalink2.stream/playlist.m3u8,http://data.jaagobd.com/media/channel_logos/Movie_Bangla_Yi8Lxqy.jpg,[],OK,
1,13_SM_Combined.m3u,Movie Bangla,Toffee,,Movie Bangla,-1,https://bldcmprod-cdn.toffeelive.com/cdn/live/movie_bangla/playlist.m3u8,https://assets-prod.services.toffeelive.com/CXz4PJwBcqxnFHJBPwrG/posters/2f913e34-3a6c-45e6-9f1f-97bf129a2ff5.png,"['#KODIPROP:inputstream.adaptive.stream_headers=Host=bldcmprod-cdn.toffeelive.com&cookie=Edge-Cache-Cookie%3DURLPrefix%3DaHR0cHM6Ly9ibGRjbXByb2QtY2RuLnRvZmZlZWxpdmUuY29t:Expires%3D1788739250:KeyName%3Dprod_linear:Signature%3Dpt9d-F7KgZ9_V39Ar1q7qi0_3Va_vjQNhCBCkw7WrX3aLJvymy88ol3FH6_6EdFhJIUEWzfDyqaZ81tYvKw0BQ&user-agent=okhttp/5.1.0&client-api-header=null&accept-encoding=gzip', '#EXTVLCOPT:http-user-agent=okhttp/5.1.0', '#EXTHTTP:{""Host"": ""bldcmprod-cdn.toffeelive.com"", ""cookie"": ""Edge-Cache-Cookie=URLPrefix=aHR0cHM6Ly9ibGRjbXByb2QtY2RuLnRvZmZlZWxpdmUuY29t:Expires=1788739250:KeyName=prod_linear:Signature=pt9d-F7KgZ9_V39Ar1q7qi0_3Va_vjQNhCBCkw7WrX3aLJvymy88ol3FH6_6EdFhJIUEWzfDyqaZ81tYvKw0BQ"", ""client-api-header"": ""null"", ""accept-encoding"": ""gzip""}']",OK,
1,14_IPTV_Org_BD.m3u,Movie Bangla,Movies,MovieBangla.bd@SD,,-1,http://alvetv.com/moviebanglatv/8080/index.m3u8,https://www.jagobd.com/wp-content/uploads/2016/02/moviebangla.jpg?x50681,[],OK,
1,12_Sydul104_My.m3u,Movie Bangla TV,Bangla,,,-1,http://alvetv.com/moviebanglatv/8080/index.m3u8,https://i.ibb.co/0rPdpW9/MB-TV.jpg,['#https://livess.jagobd.com.bd/live-orgin/moviebanglalink2.stream/chunks.m3u8'],OK,
1,13_SM_Combined.m3u,Movie Bangla TV,Sm All TV,MovieBanglaTV,,-1,http://alvetv.com/moviebanglatv/8080/index.m3u8,https://moviebangla.tv/wp-content/uploads/2024/06/moviebanglatv-logo-2.png,[],OK,
1,15_IPTV_Org_IN.m3u,Movieplex (576p),Movies,MoviePlex.in@SD,,-1,http://103.175.73.12:8080/live/583/master.m3u8,https://i.imgur.com/THJEAqJ.png,"['#EXTVLCOPT:http-user-agent=#EXTVLCOPT:http-user-agent=Mozilla/5.0 (Windows NT 10.0; Win64; x64) AppleWebKit/537.36 (KHTML, like Gecko) Chrome/147.0.0.0 Safari/537.36']",FAILED,"Cannot connect to host 103.175.73.12:8080 ssl:False [Connect call failed ('103.175.73.12', 8080)]"
1,15_IPTV_Org_IN.m3u,Movies Now + (1080p),Movies,MoviesNowPlus.in@SD,,-1,http://149.71.34.166:8000/play/a05t/index.m3u8,https://xstreamcp-assets-msp.streamready.in/assets/LIVETV/LIVECHANNEL/LIVETV_LIVETVCHANNEL_MNSYMPLUS/images/LOGO_HD/image.png,[],FAILED,"Cannot connect to host 149.71.34.166:8000 ssl:False [Connect call failed ('149.71.34.166', 8000)]"
1,00_Live_Streams.m3u,Movies Now HD,Movies,151,,-1,http://202.70.146.135:8000/play/a057/index.m3u8,https://i.ibb.co/Ns62bY2/2021-04-22-10-24-01.png,[],OK,
1,15_IPTV_Org_IN.m3u,Movies Now HD (1080p),Movies,MoviesNow.in@HD,,-1,http://103.161.153.165:8000/play/mnh/index.m3u8,https://xstreamcp-assets-msp.streamready.in/assets/LIVETV/LIVECHANNEL/LIVETV_LIVETVCHANNEL_MOVIES_NOW/images/LOGO_HD/image.png,[],FAILED,"Cannot connect to host 103.161.153.165:8000 ssl:False [Connect call failed ('103.161.153.165', 8000)]"
1,13_SM_Combined.m3u,Mr Bean,Cartoon,,,-1,https://amg00627-amg00627c29-rakuten-it-3989.playouts.now.amagi.tv/playlist/amg00627-banijayfast-mrbeanitcc-rakutenit/playlist.m3u8,https://i.ibb.co.com/XfqV4B56/png-transparent-mr-bean-illustration-youtube-coloring-book-character-cartoon-mr-bean-television-chil.png,[],OK,
1,13_SM_Combined.m3u,Mr Bean Animated,Sm All TV,,,-1,https://amg00627-amg00627c29-rakuten-it-3989.playouts.now.amagi.tv/playlist/amg00627-banijayfast-mrbeanitcc-rakutenit/playlist.m3u8,https://bugsfreeweb.github.io/LiveTVCollector/BugsfreeLogo/default-logo.png,[],OK,
1,15_IPTV_Org_IN.m3u,Mr. Bean Animated (1080p),Animation,MrBeanAnimated.uk@English,,-1,https://amg00627-amg00627c23-samsung-au-4110.playouts.now.amagi.tv/playlist.m3u8,https://static.wikia.nocookie.net/logopedia/images/2/25/Mr._Bean_Animated_Series_stacked_logo.png,[],FAILED,HTTP Error: 403 Forbidden
1,12_Sydul104_My.m3u,Mtr Sports 1,Sports,,,-1,https://cdn-uw2-prod.tsv2.amagi.tv/linear/amg02873-kravemedia-mtrspt1-distrotv/playlist.m3u8,,[],FAILED,Cannot connect to host amg02873-kravemedia-mtrspt1-distrotv-mnsrl.amagi.tv:443 ssl:False [Name or service not known]
1,15_IPTV_Org_IN.m3u,Mtv,Entertainment,MTV.in@SD,,-1,https://da86m1sqpm3o0.cloudfront.net/28072023/smil:mtvindia.smil/playlist.m3u8,https://xstreamcp-assets-msp.streamready.in/assets/LIVETV/LIVECHANNEL/LIVETV_LIVETVCHANNEL_MTV/images/LOGO_HD/image.png,"['#EXTVLCOPT:http-user-agent=Mozilla/5.0 (Windows NT 10.0; Win64; x64) AppleWebKit/537.36 (KHTML, like Gecko) Chrome/130.0.0.0 Safari/537.36']",OK,
1,15_IPTV_Org_IN.m3u,Mtv HD (396p),Entertainment,MTV.in@HD,,-1,https://maamusic.keralive.workers.dev/out/v1/a797c00cba954265ba781f92a57e2cf5/index.m3u8,https://xstreamcp-assets-msp.streamready.in/assets/LIVETV/LIVECHANNEL/LIVETV_LIVETVCHANNEL_MTV/images/LOGO_HD/image.png,"['#EXTVLCOPT:http-referrer=https://bhoomtv.me/', '#EXTVLCOPT:http-user-agent=Mozilla/5.0 (Windows NT 10.0; Win64; x64) AppleWebKit/537.36 (KHTML, like Gecko) Chrome/130.0.0.0 Safari/537.36']",OK,
1,12_Sydul104_My.m3u,Music Bangla,Bangla,3006,,-1,https://app24.jagobd.com.bd/c3VydmVyX8RpbEU9Mi8xNy8yMFDEEHGcfRgzQ6NTAgdEoaeFzbF92YWxIZTO0U0ezN1IzMyfvcEdsEfeDeKiNkVN3PTOmdFseWRtaW51aiPhnPTI2/musicbangla2025.stream/playlist.m3u8,,[],OK,
1,13_SM_Combined.m3u,Music Bangla,Sm All TV,MUSICBANGLA,,-1,https://app24.jagobd.com.bd/c3VydmVyX8RpbEU9Mi8xNy8yMFDEEHGcfRgzQ6NTAgdEoaeFzbF92YWxIZTO0U0ezN1IzMyfvcEdsEfeDeKiNkVN3PTOmdFseWRtaW51aiPhnPTI2/musicbangla2025.stream/playlist.m3u8,https://static.wikia.nocookie.net/logopedia/images/7/75/Music_Bangla_new.jpeg,[],OK,
1,13_SM_Combined.m3u,Music Bangla 2025,Sm All TV,,,-1,https://app24.jagobd.com.bd/c3VydmVyX8RpbEU9Mi8xNy8yMFDEEHGcfRgzQ6NTAgdEoaeFzbF92YWxIZTO0U0ezN1IzMyfvcEdsEfeDeKiNkVN3PTOmdFseWRtaW51aiPhnPTI2/musicbangla2025.stream/playlist.m3u8,http://data.jaagobd.com/media/channel_logos/Noboruptvnew.jpeg,[],OK,
1,00_Live_Streams.m3u,Music India,Music,250,,-1,https://d1g8wgjurz8via.cloudfront.net/bpk-tv/Musicindia2/default/main.mpd,https://jiotvimages.cdn.jio.com/dare_images/images/Music_India.png,[],OK,
1,11_FAST_IPTV_Z.m3u,Music India,Music,250,,-1,https://d1g8wgjurz8via.cloudfront.net/bpk-tv/Musicindia2/default/main.mpd,https://i.postimg.cc/XNHzD5Zg/s143563-ld-h15-aa.png,[],OK,
1,12_Sydul104_My.m3u,Music India,Music,250,,-1,https://cdn-2.pishow.tv/live/226/master.m3u8,https://encrypted-tbn0.gstatic.com/images?q=tbn:ANd9GcSKyMNNb_SRC2dnm7IW84llAJ9aO5Zb7V4jdjHaweOo58tzrc9pSsRv85-TZD1w4L57nc4&usqp=CAU,"['#https://d75dqofg5kmfk.cloudfront.net/bpk-tv/Musicindia/default/index.m3u8', '#https://food-dlvr-ott.akamaized.net/primary/1/d9c0812d4aaf40599540a35be89fb629/index_9_0.m3u8', '#https://portal-to-m3u-07.iptv07india.workers.dev/?id=3131', '#https://cdn-2.pishow.tv/live/226/226_2.m3u8']",FAILED,HTTP Error: 404 Not Found
1,13_SM_Combined.m3u,Music India,Sm All TV,250,,-1,https://jioplaylistdown.yecic62314.workers.dev/live.m3u8?id=250,https://encrypted-tbn0.gstatic.com/images?q=tbn:ANd9GcSKyMNNb_SRC2dnm7IW84llAJ9aO5Zb7V4jdjHaweOo58tzrc9pSsRv85-TZD1w4L57nc4&usqp=CAU,[],FAILED,HTTP Error: 404 Not Found
1,15_IPTV_Org_IN.m3u,Music India (576p),Music,MusicIndia.in@SD,,-1,https://streams.tangotv.in/MUSICINDIA/ORIGIN/index.m3u8,https://dtil.tmsimg.com/assets/s143563_ld_h15_aa.png?lock=720x540,[],OK,
1,12_Sydul104_My.m3u,Music Mastii,Music,,,-1,https://live20.bozztv.com/giatvplayout7/giatv-209592/tracks-v1a1/mono.ts.m3u8,https://yt3.ggpht.com/ytc/AKedOLRD92lTNDFEe1iA-zJLoFb-mu28rBgjGIqs3qFS_w=s900-c-k-c0x00ffffff-no-rj,[],OK,
1,13_SM_Combined.m3u,Music Mastii,Sm All TV,,,-1,https://live20.bozztv.com/giatvplayout7/giatv-209592/tracks-v1a1/mono.ts.m3u8,https://yt3.ggpht.com/ytc/AKedOLRD92lTNDFEe1iA-zJLoFb-mu28rBgjGIqs3qFS_w=s900-c-k-c0x00ffffff-no-rj,[],OK,
1,12_Sydul104_My.m3u,My Cinema,English Movie,,,-1,https://nomawnoijl.gpcdn.net/akash/superrix/playlist.m3u8,https://upload.wikimedia.org/wikipedia/commons/f/f0/611-cinemax.png,[],FAILED,HTTP Error: 403 Forbidden
1,11_FAST_IPTV_Z.m3u,My TV,Bangladeshi,,,-1,https://app24.jagobd.com.bd/c3VydmVyX8RpbEU9Mi8xNy8yMFDEEHGcfRgzQ6NTAgdEoaeFzbF92YWxIZTO0U0ezN1IzMyfvcEdsEfeDeKiNkVN3PTOmdFseWRtaW51aiPhnPTI2/mytv-up-off.stream/index.m3u8,https://i.postimg.cc/wB9kQDTZ/20240822-225812.png,[],OK,
1,13_SM_Combined.m3u,My TV,Sm All TV,deshitv.bd,,-1,https://tvsen6.aynaott.com/XMpHaEf0ANBhv8w6NWR7/index.m3u8,https://otapp.store/uploads/tv_image/sm/my-tv.png,[],OK,
1,13_SM_Combined.m3u,My TV,Sm All TV,,MY TV,-1,https://app24.jagobd.com.bd/c3VydmVyX8RpbEU9Mi8xNy8yMFDEEHGcfRgzQ6NTAgdEoaeFzbF92YWxIZTO0U0ezN1IzMyfvcEdsEfeDeKiNkVN3PTOmdFseWRtaW51aiPhnPTI2/mytv-up-off.stream/tracks-v1a1/mono.m3u8,https://i.postimg.cc/HxGF4V2b/20250529_103226.png,[],OK,
1,14_IPTV_Org_BD.m3u,My TV,General,MyTV.bd@SD,,-1,https://app.ncare.live/c3VydmVyX8RpbEU9Mi8xNy8yMDE0GIDU6RgzQ6NTAgdEoaeFzbF92YWxIZTO0U0ezN1IzMyfvcGVMZEJCTEFWeVN3PTOmdFsaWRtaW51aiPhnPTI2/mytv-up-off.stream/live-orgin/mytv-up-off.stream/playlist.m3u8,https://i.imgur.com/475qK5T.png,[],OK,
1,00_Live_Streams.m3u,My TV HD,Bangla,,,-1,http://116.204.149.16/mytv/index.m3u8,https://static.wikia.nocookie.net/etv-gspn-bangla/images/1/10/MyTV_HD_logo_2020.png,[],OK,
1,12_Sydul104_My.m3u,My TV HD,Bangla,,,-1,https://app24.jagobd.com.bd/c3VydmVyX8RpbEU9Mi8xNy8yMFDEEHGcfRgzQ6NTAgdEoaeFzbF92YWxIZTO0U0ezN1IzMyfvcEdsEfeDeKiNkVN3PTOmdFseWRtaW51aiPhnPTI2/mytv-up-off.stream/tracks-v1a1/mono.m3u8,https://dl.dropbox.com/s/jjr5835pbth49tm/my_tv_bd.png,"['#https://mytvbangla.com/0.m3u8', '#http://116.204.149.16/mytv/index.m3u8']",OK,
1,11_FAST_IPTV_Z.m3u,N TV,Bangladeshi,919,,-1,https://tvsen5.aynaott.com/xV4jEKf3D9zc/index.m3u8,https://i.postimg.cc/3rqnQyn0/20240822-225501.png,[],OK,
1,11_FAST_IPTV_Z.m3u,Nagorik,Bangladeshi,,,-1,https://box.bbaria.net/Nagorik_TV/tracks-v1a1/mono.m3u8,https://i.postimg.cc/Z54fVGww/20240822_230947.png,[],OK,
1,13_SM_Combined.m3u,Nagorik TV,Sm All TV,,,-1,https://box.bbaria.net/Nagorik_TV/tracks-v1a1/mono.m3u8,https://otapp.store/uploads/tv_image/sm/nagorik-tv.png,[],OK,
1,12_Sydul104_My.m3u,Nagorik TV HD,Bangla,,,-1,http://103.163.117.83:8063/ch8/tracks-v1/index.fmp4.m3u8,https://dl.dropbox.com/s/4av1om6yhu12w9j/nagorik-bd.png,[],FAILED,"Cannot connect to host 103.163.117.83:8063 ssl:False [Connect call failed ('103.163.117.83', 8063)]"
1,00_Live_Streams.m3u,NAN TV,News,,,-1,https://app.ncare.live/c3VydmVyX8RpbEU9Mi8xNy8yMDE0GIDU6RgzQ6NTAgdEoaeFzbF92YWxIZTO0U0ezN1IzMyfvcGVMZEJCTEFWeVN3PTOmdFsaWRtaW51aiPhnPTI2/nantv.stream/playlist.m3u8,https://nantvbd.com/wp-content/uploads/2024/07/cropped-NAN-TV-41.png,[],FAILED,HTTP Error: 404 Not Found
1,14_IPTV_Org_BD.m3u,NAN TV,News,NANTV.bd@SD,,-1,https://app.ncare.live/c3VydmVyX8RpbEU9Mi8xNy8yMDE0GIDU6RgzQ6NTAgdEoaeFzbF92YWxIZTO0U0ezN1IzMyfvcGVMZEJCTEFWeVN3PTOmdFsaWRtaW51aiPhnPTI2/nantv.stream/live-orgin/nantv.stream/playlist.m3u8,https://www.jagobd.com/wp-content/uploads/2019/11/NAN-TV-Logo-02.png,[],FAILED,HTTP Error: 404 Not Found
1,12_Sydul104_My.m3u,Nat Geo HD,Documentary,,,-1,http://202.70.146.135:8000/play/a05o/index.m3u8,https://logos-world.net/wp-content/uploads/2020/09/National-Geographic-Logo.png,['#http://151.80.18.177:86/National_Geo_HD/index.m3u8'],OK,
1,00_Live_Streams.m3u,Nat Geo Wildnat Geo Wild HD,Documentary,NatGeoWild.in,,-1,http://103.182.170.32:8888/play/a01r,https://raw.githubusercontent.com/BadhanStrom/img/refs/heads/main/WILD.pnghttps://raw.githubusercontent.com/BadhanStrom/img/refs/heads/main/Wild%20HD.png,[],FAILED,"Cannot connect to host 103.182.170.32:8888 ssl:False [Connect call failed ('103.182.170.32', 8888)]"
1,00_Live_Streams.m3u,National Geographic,Documentary,1335,,-1,https://v4-pan-n79-cdn-01.live.cdn.cgates.lt/live/dash/561901/index.mpd,https://raw.githubusercontent.com/BadhanStrom/TV-logo/refs/heads/main/Nat%20Geo.png,[],FAILED,HTTP Error: 403 
1,14_IPTV_Org_BD.m3u,National Geographic (576p) [geo Blocked],Documentary,NationalGeographic.in@SD,,-1,http://main.light-ott.net:80/play/live.php?mac=00:1A:79:17:28:41&stream=373017&extension=ts&play_token=zCaGy5dtla,https://dtil.tmsimg.com/assets/s143573_ld_h15_aa.png?lock=720x540,[],OK,
1,15_IPTV_Org_IN.m3u,National Geographic (576p) [geo Blocked],Documentary,NationalGeographic.in@SD,,-1,http://main.light-ott.net:80/play/live.php?mac=00:1A:79:17:28:41&stream=373017&extension=ts&play_token=zCaGy5dtla,https://dtil.tmsimg.com/assets/s143573_ld_h15_aa.png?lock=720x540,[],OK,
1,11_FAST_IPTV_Z.m3u,National Geographic HD,Documentory,1335,,-1,https://tvsen3.aynaott.com/7mm4pwCy/index.m3u8,https://i.postimg.cc/VN6PHrKZ/20240823_023950.png,[],OK,
1,14_IPTV_Org_BD.m3u,National Geographic HD (576p),Documentary,NationalGeographic.in@HD,,-1,http://103.165.93.31:8095/nationalGeographic/index.m3u8,https://dtil.tmsimg.com/assets/s143574_ld_h15_aa.png?lock=720x540,[],OK,
1,15_IPTV_Org_IN.m3u,National Geographic HD (576p),Documentary,NationalGeographic.in@HD,,-1,http://103.165.93.31:8095/nationalGeographic/index.m3u8,https://dtil.tmsimg.com/assets/s143574_ld_h15_aa.png?lock=720x540,[],OK,
1,00_Live_Streams.m3u,National Geographic Wild,Documentary,1335,,-1,https://v4-pan-n79-cdn-01.live.cdn.cgates.lt/live/dash/561201/index.mpd,https://raw.githubusercontent.com/BadhanStrom/TV-logo/refs/heads/main/Nati%20Geo%20Wild.png,[],FAILED,HTTP Error: 403 
1,13_SM_Combined.m3u,National Geography HD,Sm All TV,,,-1,http://202.70.146.135:8000/play/a05o/index.m3u8,https://web.aynaott.com/storage/019dd92f-107c-7056-9e79-e5233f6e51d9/uploads/images/2026-07-15/images_25b786047244481532eb505dfba85580_playmist_nat_geo_tv_400x400.jpg,[],OK,
1,11_FAST_IPTV_Z.m3u,National Wild HD,Documentory,,,-1,http://202.70.146.135:8000/play/a05j/index.m3u8,https://i.postimg.cc/Jh2Cwrgr/20240823-024003.png,[],OK,
1,15_IPTV_Org_IN.m3u,Ne News (576p),News,NENews.in@SD,,-1,https://mumt05.tangotv.in/87NeALx2NENEWS/index.m3u8,https://i.imgur.com/L5GeJFb.png,[],OK,
1,15_IPTV_Org_IN.m3u,Nepal 1 (576p),Entertainment,Nepal1.in@SD,,-1,https://mumt05.tangotv.in/87NeALx2NEPAL1/index.m3u8,https://i.imgur.com/Xr4FjC8.png,[],OK,
1,13_SM_Combined.m3u,News 21 Bangla,Sm All TV,2008,,-1,http://103.190.133.68:1935/news21live/live/playlist.m3u8,https://news21bangla.tv/wp-content/uploads/2025/07/Screenshot_23.png,[],OK,
1,13_SM_Combined.m3u,News 21 Bangla,Sm All TV,2008,,-1,http://103.190.133.68:1935/news21live/live/playlist.m3u8,https://www.jagobd.com/wp-content/uploads/2024/11/news21.jpg,[],OK,
1,11_FAST_IPTV_Z.m3u,News 21 Bangla TV,Bangladeshi,2008,,-1,http://103.190.133.68:1935/news21live/live/playlist.m3u8,https://i.postimg.cc/8knh34Z5/iju-Jfmd.png,[],OK,
1,14_IPTV_Org_BD.m3u,News 21 Bangla TV,News,News21BanglaTV.bd@SD,,-1,http://103.190.133.68:1935/news21live/live/playlist.m3u8,https://i.imgur.com/ijuJfmd.png,[],OK,
1,11_FAST_IPTV_Z.m3u,News 24,Bangladeshi,501,,-1,https://tvsen6.aynaott.com/cdgr3tw6WoG7JyRnLbi0/index.m3u8,https://i.postimg.cc/wThf5qQt/20240822_230921.png,[],OK,
1,13_SM_Combined.m3u,News 24,Sm All TV,501,,-1,https://tvsen6.aynaott.com/cdgr3tw6WoG7JyRnLbi0/index.m3u8,https://i.postimg.cc/wThf5qQt/20240822_230921.png,[],OK,
1,15_IPTV_Org_IN.m3u,News 24 (720p),News,News24.in@SD,,-1,https://vidcdn.vidgyor.com/news24-origin/liveabr/playlist.m3u8,https://dtil.tmsimg.com/assets/s90009_ld_h15_aa.png?lock=720x540,[],OK,
1,12_Sydul104_My.m3u,News 24 HD,Bangla,501,,-1,https://owrcovcrpy.gpcdn.net/bpk-tv/1708/output/index.m3u8,https://dl.dropbox.com/s/bl983avhouqd47c/news_24_bd.png,['#http://103.96.235.18:9090/sports2/index.m3u8'],FAILED,HTTP Error: 403 Forbidden
1,13_SM_Combined.m3u,News 24 HD,Sm All TV,186000,News 24 HD,-1,https://stream.ottplus.live/live/channel_24_abr/index.m3u8,https://tstatic.akash-go.com/cms-ui/images/custom-content/1770186895850.png,[],OK,
1,15_IPTV_Org_IN.m3u,News 24 Mp & Chhattisgarh (576p),News,News24MPChhattisgarh.in@SD,,-1,https://mumt04.tangotv.in/m18aqlK4NEWS24MPCG/index.m3u8,https://xstreamcp-assets-msp.streamready.in/assets/LIVETV/LIVECHANNEL/LIVETV_LIVETVCHANNEL_NEWS24_MPCG/images/LOGO_HD/image.png,[],OK,
1,15_IPTV_Org_IN.m3u,News India 24x7,News,NewsIndia24x7.in@SD,,-1,https://cdn-3.pishow.tv/live/273/master.m3u8,https://dtil.tmsimg.com/assets/GNLZZGG002N1TXH.png?lock=720x540,[],FAILED,HTTP Error: 404 Not Found
1,15_IPTV_Org_IN.m3u,News Live Bangla (576p),News,NewsLiveBangla.in@SD,,-1,https://mumt06.tangotv.in/qYyB8fXVINDRADHANU/index.m3u8,https://papaji.freetvindia.com/media/News_Live_Bangla.png,[],OK,
1,12_Sydul104_My.m3u,News18 Bangla News,Indian Bangla,717,,-1,https://amg01448-samsungin-news18bangla-samsungin-ad-qy.amagi.tv/playlist/amg01448-samsungin-news18bangla-samsungin/playlist.m3u8,https://jio.dinesh29.com.np/smart/ardinesh/logos/news18-bangla-news.png,[],OK,
1,00_Live_Streams.m3u,News24 HD,Sm_bdix_isp,,,-1,http://103.229.254.25:7001/play/a06i/index.m3u8,https://i.ibb.co.com/9jF2B20/NEWS24-HD.png,[],FAILED,"Cannot connect to host 103.229.254.25:7001 ssl:False [Connect call failed ('103.229.254.25', 7001)]"
1,13_SM_Combined.m3u,Nexus TV,Sm All TV,,,-1,http://premiumtvs.space:80/live/PeH5kPWFfG/infamous7funny/411.ts,"https://assets-prod.services.toffeelive.com/f_png,w_300,q_85/FHz5PJwBcqxnFHJBdAqW/posters/419869ac-8ddf-4909-86c1-b69f0a3adf13.png",[],FAILED,HTTP Error: 401 Unauthorized
1,13_SM_Combined.m3u,Nexus TV,Toffee,,Nexus TV,-1,https://bldcmprod-cdn.toffeelive.com/cdn/live/nexus_tv/playlist.m3u8,https://assets-prod.services.toffeelive.com/FHz5PJwBcqxnFHJBdAqW/posters/419869ac-8ddf-4909-86c1-b69f0a3adf13.png,"['#KODIPROP:inputstream.adaptive.stream_headers=Host=bldcmprod-cdn.toffeelive.com&cookie=Edge-Cache-Cookie%3DURLPrefix%3DaHR0cHM6Ly9ibGRjbXByb2QtY2RuLnRvZmZlZWxpdmUuY29t:Expires%3D1788739250:KeyName%3Dprod_linear:Signature%3Dpt9d-F7KgZ9_V39Ar1q7qi0_3Va_vjQNhCBCkw7WrX3aLJvymy88ol3FH6_6EdFhJIUEWzfDyqaZ81tYvKw0BQ&user-agent=okhttp/5.1.0&client-api-header=null&accept-encoding=gzip', '#EXTVLCOPT:http-user-agent=okhttp/5.1.0', '#EXTHTTP:{""Host"": ""bldcmprod-cdn.toffeelive.com"", ""cookie"": ""Edge-Cache-Cookie=URLPrefix=aHR0cHM6Ly9ibGRjbXByb2QtY2RuLnRvZmZlZWxpdmUuY29t:Expires=1788739250:KeyName=prod_linear:Signature=pt9d-F7KgZ9_V39Ar1q7qi0_3Va_vjQNhCBCkw7WrX3aLJvymy88ol3FH6_6EdFhJIUEWzfDyqaZ81tYvKw0BQ"", ""client-api-header"": ""null"", ""accept-encoding"": ""gzip""}']",OK,
1,14_IPTV_Org_BD.m3u,Nexus TV (576p),General,NexusTV.bd@SD,,-1,https://tvsen6.aynaott.com/Epm7WrFa/index.m3u8,https://i.imgur.com/XcJZKg4.png,[],OK,
1,00_Live_Streams.m3u,Nexus TV HD,Bangla,,,-1,http://103.229.254.25:7001/play/a05m/index.m3u8,https://i.ibb.co.com/xqhhGHXc/NEXUS-TELEVISION-HD.png,[],FAILED,"Cannot connect to host 103.229.254.25:7001 ssl:False [Connect call failed ('103.229.254.25', 7001)]"
1,12_Sydul104_My.m3u,Nexus TV HD,Bangla,,,-1,https://stream.ottplus.live/live/global_tv_abr/index.m3u8,https://raw.githubusercontent.com/subirkumarpaul/Logo/main/Nexus%20TV.png,[],FAILED,HTTP Error: 404 Not Found
1,12_Sydul104_My.m3u,Nh Bolly Flix,Hindi,,,-1,https://cc-r5hupcym5oehh.akamaized.net/v1/master/3722c60a815c199d9c0ef36c5b73da68a62b09d1/cc-r5hupcym5oehh/SBUM/RunnTV/BollyFlix_IN/BollyFlix_IN.m3u8,https://i.postimg.cc/CLPr6gq6/IMG-20220828-165715.jpg,[],OK,
1,00_Live_Streams.m3u,Nick,Roarzone,1341,,-1,http://103.182.170.32:8888/play/a04q,https://raw.githubusercontent.com/BadhanStrom/img/refs/heads/main/Nick.png,[],FAILED,"Cannot connect to host 103.182.170.32:8888 ssl:False [Connect call failed ('103.182.170.32', 8888)]"
1,13_SM_Combined.m3u,Nick Bangla,Sm All TV,1341,,-1,http://live.balajibroadband.com:3500/render.m3u8?auth=eWy2N9-BCdNT71DCT59ZmrtOoEb5Srm6UgPMqcloKfid4KZNKXqHsKAriRq-n50zsyHQQQSzvTAg6vOA6dIS6-mAdHCiZZnLHwgKGp_qzYj5pG-7UNcrzHjGP_khhOqfQZRweJV0RRDv63_m9xug3Kwbi7QVFXeczkuW69C3YUaK4ELwqeiVIV_7bFgVWqAJYj66IIBHlbKZ1SraW-glNwGPGtg4zi8QP33FjfsDMCAA-5uevxlJ92tS2EyKPqVz-p9GeCEX7o_MrNAIzD3jvo8t-5f1TSE9uU4OsjnpeNcC_6uJ4u0AaogLzBkKh3MSHdub1vOtwjiV7u-Y1SPavhLoFInqf0PN424QpJSjatC5Jqz_WIsmQ0Cy68UdnYW2tlLV44ZPMDlPbhU2KwrP0SZnGnJ84sggCMQu6wldJxqycPAc7GBIDH7FfnmTJFsT_5WaNUaAxKTQbKwZzifePRtQsE3Lj9Kn2Q-ldsO38arY3RFOKI-iD1OzpvMsh4x4WetU6WKA9m5IOH7QGKMT26CeqgeRQb1SIxnoaLPR8bSASkN1NKDBdWV8pdDaaVy_sixKTfbFGflXrLx_4g==&channel_key_id=1341&hdnea=st=1787424616~exp=1787511016~acl=/bpk-tv/Nick_Ben_MOB/Fallback/*~hmac=adc3d1c740a035ec9f2255e3abc7d0c5a83650de5118592d87e1b0777b6cb6b8,https://otapp.store/uploads/tv_image/sm/nick-bangla.png,['#https://madanitv.assadikb.workers.dev/live.php?id=1341&e=.m3u8'],FAILED,HTTP Error: 502 Bad Gateway
1,13_SM_Combined.m3u,Nick Bangla,Cartoon,1341,,-1,http://live.balajibroadband.com:3500/live/1341.m3u8,https://otapp.store/uploads/tv_image/sm/nick-bangla.png,[],OK,
1,15_IPTV_Org_IN.m3u,Nick Hd+ (1080p),Kids,NickHDPlus.in@HD,,-1,http://103.72.101.252:8080/live/1226.m3u8,https://dtil.tmsimg.com/assets/s159121_ld_h15_aa.png?lock=720x540,[],FAILED,Connection timeout to host http://103.72.101.252:8080/live/1226.m3u8
1,00_Live_Streams.m3u,Nick Jr,Kids,,,-1,https://qp-pldt-live-bpk-01-prod.akamaized.net/bpk-tv/dr_nickjr/default/index.mpd,https://logos-world.net/wp-content/uploads/2021/09/Nick-Jr.-Logo-2009-present-700x394.png,[],FAILED,HTTP Error: 403 Forbidden
1,00_Live_Streams.m3u,Nick Jr.,Kids,,,-1,http://103.182.170.32:8888/play/a02q,https://raw.githubusercontent.com/BadhanStrom/img/refs/heads/main/Nick_Jr.png,[],FAILED,"Cannot connect to host 103.182.170.32:8888 ssl:False [Connect call failed ('103.182.170.32', 8888)]"
1,14_IPTV_Org_BD.m3u,Nick Jr. (576p),Kids,NickJr.in@SD,,-1,http://103.185.24.134:3001/NICK-JR/index.m3u8,https://xstreamcp-assets-msp.streamready.in/assets/LIVETV/LIVECHANNEL/LIVETV_LIVETVCHANNEL_NICK_JUNIOR/images/LOGO_HD/image.png,[],OK,
1,15_IPTV_Org_IN.m3u,Nick Jr. (576p),Kids,NickJr.in@SD,,-1,http://103.185.24.134:3001/NICK-JR/index.m3u8,https://xstreamcp-assets-msp.streamready.in/assets/LIVETV/LIVECHANNEL/LIVETV_LIVETVCHANNEL_NICK_JUNIOR/images/LOGO_HD/image.png,[],OK,
1,00_Live_Streams.m3u,Nickelodeon,Aynaott,548,,-1,https://qp-pldt-live-bpk-01-prod.akamaized.net/bpk-tv/dr_nickelodeon/default/index.mpd,https://logos-world.net/wp-content/uploads/2021/09/Nickelodeon-Logo.png,[],FAILED,HTTP Error: 403 Forbidden
1,14_IPTV_Org_BD.m3u,Nickelodeon (576p),Kids,Nickelodeon.in@SD,,-1,http://103.185.24.134:3001/NICK/index.m3u8,https://xstreamcp-assets-msp.streamready.in/assets/LIVETV/LIVECHANNEL/LIVETV_LIVETVCHANNEL_NICK/images/LOGO_HD/image.png,[],OK,
1,15_IPTV_Org_IN.m3u,Nickelodeon (576p),Kids,Nickelodeon.in@SD,,-1,http://103.185.24.134:3001/NICK/index.m3u8,https://xstreamcp-assets-msp.streamready.in/assets/LIVETV/LIVECHANNEL/LIVETV_LIVETVCHANNEL_NICK/images/LOGO_HD/image.png,[],OK,
1,00_Live_Streams.m3u,Nicktoons,Aynaott,,,-1,https://v4-pan-n79-cdn-01.live.cdn.cgates.lt/live/dash/561208/index.mpd,https://1000logos.net/wp-content/uploads/2022/09/Nicktoons-Logo.png,[],FAILED,HTTP Error: 403 
1,13_SM_Combined.m3u,No Name,Ungrouped,132000,Channel I HD,-1,https://tvsen6.aynaott.com/FNHpYvGZ7FkCE10PwTHm/index.m3u8,,[],OK,
1,13_SM_Combined.m3u,NRB HD,Sm All TV,,,-1,https://app.ncare.live/live-orgin/nrb-eu.stream/playlist.m3u8,https://encrypted-tbn0.gstatic.com/images?q=tbn:ANd9GcRctL8rD_FYfZ1rHUDhs_Q3rJwRYGSDbMX0-XHpHFXLjeTC2D9iYwo8Gq3J&s=10,[],OK,
1,13_SM_Combined.m3u,NRB HD,Sm All TV,,,-1,https://app.ncare.live/live-orgin/nrb-eu.stream/playlist.m3u8,https://encrypted-tbn0.gstatic.com/images?q=tbn:ANd9GcRctL8rD_FYfZ1rHUDhs_Q3rJwRYGSDbMX0-XHpHFXLjeTC2D9iYwo8Gq3J&s=10,['#ATTR:tvg-server=Server 1'],OK,
1,00_Live_Streams.m3u,NRB TV,Sm All TV,,,-1,https://app.ncare.live/live-orgin/nrb-eu.stream/playlist.m3u8,https://raw.githubusercontent.com/NmAlifKhan/Channel-Icon/refs/heads/tv/NRB.png,[],OK,
1,13_SM_Combined.m3u,NRB TV,Sm All TV,,,-1,https://app.ncare.live/live-orgin/nrb-eu.stream/playlist.m3u8,https://raw.githubusercontent.com/NmAlifKhan/Channel-Icon/refs/heads/tv/NRB.png,[],OK,
1,00_Live_Streams.m3u,NTV,Toffee,646,,-1,https://owrcovcrpy.gpcdn.net/bpk-tv/1716/output/index.m3u8,https://static.wikia.nocookie.net/etv-gspn-bangla/images/5/58/NTV_logo_with_slogan_2003.png,[],FAILED,HTTP Error: 403 Forbidden
1,12_Sydul104_My.m3u,NTV,Bangla,646,,-1,https://owrcovcrpy.gpcdn.net/bpk-tv/1716/output/index.m3u8,https://www.ntvbd.com/sites/default/files/aggregator/2020/02/17/ntv-channel_0.jpg,['#http://103.175.242.10:8080/ntv/index.m3u8'],FAILED,HTTP Error: 403 Forbidden
1,13_SM_Combined.m3u,NTV,Sm All TV,99000,,-1,https://tvsen5.aynaott.com/xV4jEKf3D9zc/index.m3u8,https://tstatic.akash-go.com/cms-ui/images/custom-content/1735560841094.png,[],OK,
1,13_SM_Combined.m3u,NTV,Sm All TV,99000,NTV,-1,http://103.165.93.31:8095/ntv/tracks-v1a1/mono.m3u8,https://tstatic.akash-go.com/cms-ui/images/custom-content/1735560841094.png,[],OK,
1,13_SM_Combined.m3u,NTV,Toffee,646,NTV,-1,https://bldcmprod-cdn.toffeelive.com/cdn/live/n_tv/playlist.m3u8,https://assets-prod.services.toffeelive.com/wHLVIJ4B7a1HdMSjaGLJ/posters/83b89557-3ae8-4ca8-8c5d-3c617359c738.png,"['#KODIPROP:inputstream.adaptive.stream_headers=Host=bldcmprod-cdn.toffeelive.com&cookie=Edge-Cache-Cookie%3DURLPrefix%3DaHR0cHM6Ly9ibGRjbXByb2QtY2RuLnRvZmZlZWxpdmUuY29t:Expires%3D1788739249:KeyName%3Dprod_linear:Signature%3DvvvopE1jW8UXD0_furLQy45jBbjoBJ6udZ7LiUxC1u0dIzFQA-RbJRaBb_eDlrsfHVmVp1msbPmWRruK-GAaDw&user-agent=okhttp/5.1.0&client-api-header=null&accept-encoding=gzip', '#EXTVLCOPT:http-user-agent=okhttp/5.1.0', '#EXTHTTP:{""Host"": ""bldcmprod-cdn.toffeelive.com"", ""cookie"": ""Edge-Cache-Cookie=URLPrefix=aHR0cHM6Ly9ibGRjbXByb2QtY2RuLnRvZmZlZWxpdmUuY29t:Expires=1788739249:KeyName=prod_linear:Signature=vvvopE1jW8UXD0_furLQy45jBbjoBJ6udZ7LiUxC1u0dIzFQA-RbJRaBb_eDlrsfHVmVp1msbPmWRruK-GAaDw"", ""client-api-header"": ""null"", ""accept-encoding"": ""gzip""}']",OK,
1,14_IPTV_Org_BD.m3u,NTV (720p),General,NTV.bd@SD,,-1,https://tvsen5.aynaott.com/xV4jEKf3D9zc/index.m3u8,https://i.imgur.com/l75bDTx.png,[],OK,
1,12_Sydul104_My.m3u,Nursary Rhymes,Kids,,,-1,http://23.237.104.106:8080/USA_NICKELODEON/index.m3u8,https://upload.wikimedia.org/wikipedia/commons/9/93/Nick-logo.png,[],OK,
1,12_Sydul104_My.m3u,Nursary Rhymes 2,Kids,,,-1,https://d24p9tv2w5yorn.cloudfront.net/v1/master/3722c60a815c199d9c0ef36c5b73da68a62b09d1/cc-hv7b0gembp7xn/vod.m3u8,https://upload.wikimedia.org/wikipedia/commons/9/93/Nick-logo.png,[],FAILED,HTTP Error: 504 Gateway Time-out
1,13_SM_Combined.m3u,Oggy,Cartoon,,,-1,https://live20.bozztv.com/giatvplayout7/giatv-210728/tracks-v1a1/mono.ts.m3u8,https://image.tmdb.org/t/p/w500/aFAN9aKm0OblOr30ROejJCV8rGf.jpg,[],OK,
1,12_Sydul104_My.m3u,Orange Bangla,Indian Bangla,623,,-1,https://cdn-4.pishow.tv/live/1499/1499_2.m3u8,,[],FAILED,HTTP Error: 404 Not Found
1,15_IPTV_Org_IN.m3u,Orange Bangla TV (720p),Music,OrangeBanglaTV.in@SD,,-1,https://cdn-4.pishow.tv/live/1499/master.m3u8,https://i.imgur.com/wjSaHj5.png,[],FAILED,HTTP Error: 404 Not Found
1,11_FAST_IPTV_Z.m3u,Peace TV Bangla,Islamic,,,-1,https://dzkyvlfyge.erbvr.com/PeaceTvBangla/tracks-v3a1/mono.m3u8,https://i.postimg.cc/vTYq396x/20250529-071345.png,[],OK,
1,12_Sydul104_My.m3u,Peace TV Bangla,Islamic,,,-1,https://dzkyvlfyge.erbvr.com/PeaceTvBangla/tracks-v3a1/mono.m3u8?sid=s7AaNdTzDE2912wNcPLejQ,https://images-na.ssl-images-amazon.com/images/I/71CywdrFaZL.png,"['#http://176.119.29.52/live.ts?channelId=237&uid=3702&deviceMac=00:1A:79:3B:33:26', '#http://tv.cloudcdn.me/live.ts?channelId=237&uid=8164&deviceMac=00:1A:79:17:D4:A1', '#http://xtv.ooo:8080/213112/213112/11', '#https://dzkyvlfyge.erbvr.com/PeaceTvBangla/tracks-v3a1/mono.m3u8']",OK,
1,13_SM_Combined.m3u,Peace TV Bangla,Sm All TV,,,-1,https://app24.jagobd.com.bd/c3VydmVyX8RpbEU9Mi8xNy8yMFDEEHGcfRgzQ6NTAgdEoaeFzbF92YWxIZTO0U0ezN1IzMyfvcEdsEfeDeKiNkVN3PTOmdFseWRtaW51aiPhnPTI2/peacetvban.stream/index.m3u8,https://i.ibb.co/Gfw89mC/20240804-033102.png,[],OK,
1,13_SM_Combined.m3u,Peace TV Bangla,Sm All TV,,,-1,https://dzkyvlfyge.erbvr.com/PeaceTvBangla/tracks-v3a1/mono.m3u8,https://i.postimg.cc/vTYq396x/20250529-071345.png,[],OK,
1,14_IPTV_Org_BD.m3u,Peace TV Bangla (1080p),Religious,PeaceTVBangla.ae@SD,,-1,https://dzkyvlfyge.erbvr.com/PeaceTvBangla/index.m3u8,https://i.imgur.com/1ztVXUi.png,[],OK,
1,15_IPTV_Org_IN.m3u,Peace TV Bangla (1080p),Religious,PeaceTVBangla.ae@SD,,-1,https://dzkyvlfyge.erbvr.com/PeaceTvBangla/index.m3u8,https://i.imgur.com/1ztVXUi.png,[],OK,
1,15_IPTV_Org_IN.m3u,Pocket Films,Movies,PocketFilms.in@SD,,-1,https://vglivessai.akamaized.net/sg/v1/manifest/611d79b11b77e2f571934fd80ca1413453772ac7/b8ada260-bb81-472b-b7c1-3a79213a84b8/e02a0ce5-6c42-4cca-bb53-e5cfecff74a9/0.m3u8,https://jiotvimages.cdn.jio.com/dare_images/images/p_pktflm.png,[],OK,
1,11_FAST_IPTV_Z.m3u,Pogo,Kids,Pogo.in,,-1,https://stream.ottplus.live/live/pogo_sd_abr/index.m3u8,https://i.postimg.cc/C1s5Hf5P/20240823_021444.png,[],OK,
1,13_SM_Combined.m3u,Pogo,Sm All TV,Pogo.in,,-1,https://stream.ottplus.live/live/pogo_sd_abr/index.m3u8,https://assets-prod.services.toffeelive.com/ny6W-JQBv9knK3AHujXC/posters/7e7c2afe-a663-4c09-983a-2d0fa0f1ca9a.webp,[],OK,
1,13_SM_Combined.m3u,Pogo,Cartoon,Pogo.in,,-1,https://stream.ottplus.live/live/pogo_sd_abr/index.m3u8,https://i.postimg.cc/C1s5Hf5P/20240823_021444.png,[],OK,
1,13_SM_Combined.m3u,Pogo,Toffee,Pogo.in,POGO,-1,https://bldcmprod-cdn.toffeelive.com/cdn/live/pogo_sd/playlist.m3u8,https://assets-prod.services.toffeelive.com/ny6W-JQBv9knK3AHujXC/posters/7e7c2afe-a663-4c09-983a-2d0fa0f1ca9a.webp,"['#KODIPROP:inputstream.adaptive.stream_headers=Host=bldcmprod-cdn.toffeelive.com&cookie=Edge-Cache-Cookie%3DURLPrefix%3DaHR0cHM6Ly9ibGRjbXByb2QtY2RuLnRvZmZlZWxpdmUuY29t:Expires%3D1788739246:KeyName%3Dprod_linear:Signature%3DBoMUIUuOsNmvrWb1c0Q8jH_T5Cp35Ms_U4wmQ0V8VTLRREDi5YBnmHXjJC7IodtD5p3WMVxHDwZwNMdtD06JBQ&user-agent=okhttp/5.1.0&client-api-header=null&accept-encoding=gzip', '#EXTVLCOPT:http-user-agent=okhttp/5.1.0', '#EXTHTTP:{""Host"": ""bldcmprod-cdn.toffeelive.com"", ""cookie"": ""Edge-Cache-Cookie=URLPrefix=aHR0cHM6Ly9ibGRjbXByb2QtY2RuLnRvZmZlZWxpdmUuY29t:Expires=1788739246:KeyName=prod_linear:Signature=BoMUIUuOsNmvrWb1c0Q8jH_T5Cp35Ms_U4wmQ0V8VTLRREDi5YBnmHXjJC7IodtD5p3WMVxHDwZwNMdtD06JBQ"", ""client-api-header"": ""null"", ""accept-encoding"": ""gzip""}']",OK,
1,13_SM_Combined.m3u,Probashi,Sm All TV,,,-1,http://158.69.24.53:8080/probashi_tv/index.m3u8,https://encrypted-tbn0.gstatic.com/images?q=tbn:ANd9GcQzayWMQexbfPV-jTx3ZNoq-XOmlHKSX1SCjg&s,[],OK,
1,00_Live_Streams.m3u,Probashi TV,Sm All TV,,,-1,http://158.69.24.53:8080/probashi_tv/tracks-v1a1/mono.m3u8,https://probashinews24.tv/images/logo.png,[],OK,
1,13_SM_Combined.m3u,Probashi TV,Sm All TV,,,-1,http://158.69.24.53:8080/probashi_tv/index.m3u8,https://encrypted-tbn0.gstatic.com/images?q=tbn:ANd9GcQzayWMQexbfPV-jTx3ZNoq-XOmlHKSX1SCjg&s,[],OK,
1,13_SM_Combined.m3u,Probashi TV,Sm All TV,,,-1,http://158.69.24.53:8080/probashi_tv/tracks-v1a1/mono.m3u8,https://probashinews24.tv/images/logo.png,[],OK,
1,11_FAST_IPTV_Z.m3u,PTC Music,Music,1189,,-1,https://d2lk5u59tns74c.cloudfront.net/out/v1/f913cf893c594f73b114216e74a2efbc/index.m3u8,https://i.postimg.cc/NFKqPkBP/image.png,[],OK,
1,15_IPTV_Org_IN.m3u,PTC Music (720p),Music,PTCMusic.in@SD,,-1,https://d2lk5u59tns74c.cloudfront.net/out/v1/f913cf893c594f73b114216e74a2efbc/index.m3u8,https://xstreamcp-assets-msp.streamready.in/assets/LIVETV/LIVECHANNEL/LIVETV_LIVETVCHANNEL_PTC_MUSIC/images/LOGO_HD/image.png,[],OK,
1,15_IPTV_Org_IN.m3u,PTC News (576p),News,PTCNews.in@SD,,-1,http://103.175.73.12:8080/live/182/master.m3u8,https://xstreamcp-assets-msp.streamready.in/assets/LIVETV/LIVECHANNEL/LIVETV_LIVETVCHANNEL_PTC_NEWS/images/LOGO_HD/image.png,"['#EXTVLCOPT:http-user-agent=Mozilla/5.0 (Windows NT 10.0; Win64; x64) AppleWebKit/537.36 (KHTML, like Gecko) Chrome/147.0.0.0 Safari/537.36']",FAILED,"Cannot connect to host 103.175.73.12:8080 ssl:False [Connect call failed ('103.175.73.12', 8080)]"
1,15_IPTV_Org_IN.m3u,PTC Punjabi (720p),Entertainment,PTCPunjabi.in@SD,,-1,http://103.213.31.109:90/ActionCinema/playlist.m3u8,https://xstreamcp-assets-msp.streamready.in/assets/LIVETV/LIVECHANNEL/LIVETV_LIVETVCHANNEL_PTC_PUNJABI/images/LOGO_HD/image.png,[],FAILED,Connection timeout to host http://103.213.31.109:90/ActionCinema/playlist.m3u8
1,15_IPTV_Org_IN.m3u,PTC Punjabi HD (1080p),Entertainment,PTCPunjabi.in@HD,,-1,https://d3qs3d2rkhfqrt.cloudfront.net/out/v1/3e22a9c278db4e3eb779afd42e41b0a6/index.m3u8,https://xstreamcp-assets-msp.streamready.in/assets/LIVETV/LIVECHANNEL/LIVETV_LIVETVCHANNEL_PTC_PUNJABI/images/LOGO_HD/image.png,[],OK,
1,11_FAST_IPTV_Z.m3u,PTV,Sports,,,-1,https://tvsen7.aynascope.net/zY3hJ7pQ2vM5gD8s/index.m3u8,https://i.postimg.cc/rFKBNjwP/Ptvsportslogo2023.webp,[],OK,
1,13_SM_Combined.m3u,PTV Sports HD,Sm All TV,,,-1,https://s1.itcnbd.live/PTV-Sports/tracks-v1a1/mono.m3u8?nocache=1785582200018,https://web.aynaott.com/storage/019dd92f-107c-7056-9e79-e5233f6e51d9/uploads/images/2026-07-20/images_5704c544bcbe25521134b299a0298be7_playmist_ptv_sports_400x400.jpg,[],FAILED,HTTP Error: 403 Forbidden
1,15_IPTV_Org_IN.m3u,Public Movies (576p),Movies,PublicMovies.in@SD,,-1,https://mumt04.tangotv.in/m18aqlK4PUBLICMOVIES/index.m3u8,https://xstreamcp-assets-msp.streamready.in/assets/LIVETV/LIVECHANNEL/LIVETV_LIVETVCHANNEL_PUBLIC_MOVIES/images/LOGO_HD/image.png,[],OK,
1,15_IPTV_Org_IN.m3u,Public Music (576p),Music,PublicMusic.in@SD,,-1,https://mumt04.tangotv.in/m18aqlK4PUBLICMUSIC/index.m3u8,https://xstreamcp-assets-msp.streamready.in/assets/LIVETV/LIVECHANNEL/LIVETV_LIVETVCHANNEL_PUBLIC_MUSIC/images/LOGO_HD/image.png,[],OK,
1,15_IPTV_Org_IN.m3u,Q TV (576p),Entertainment,QTV.in@SD,,-1,https://mumt05.tangotv.in/87NeALx2THEQ/index.m3u8,https://www.theq.tv/wp-content/uploads/2023/10/The-Q-new-Logo.png,[],OK,
1,13_SM_Combined.m3u,Quran,Sm All TV,,,0,https://live.kwikmotion.com/sbrksaquranradiolive/srpksaquranradio/playlist.m3u8,http://www.jagobd.com/wp-content/uploads/2020/05/MakkahLive.jpg,[],OK,
1,13_SM_Combined.m3u,Quran Live,Sm All TV,,,0,https://live.kwikmotion.com/sharjahtvquranlive/shqurantv.smil/playlist.m3u8,http://www.jagobd.com/wp-content/uploads/2020/05/MakkahLive.jpg,[],OK,
1,11_FAST_IPTV_Z.m3u,Quran TV,Islamic,,,-1,https://live.kwikmotion.com/sharjahtvquranlive/shqurantv.smil/sharjahtvquranpublish/shqurantv_source/chunks.m3u8,https://i.postimg.cc/T3f1NQyV/20260524-024937.png,[],OK,
1,13_SM_Combined.m3u,Quran TV,Sm All TV,,,-1,https://live.kwikmotion.com/sharjahtvquranlive/shqurantv.smil/sharjahtvquranpublish/shqurantv_source/chunks.m3u8,https://i.postimg.cc/T3f1NQyV/20260524-024937.png,[],OK,
1,12_Sydul104_My.m3u,Radio Amar,FM Radio,,,-1,https://amorfm_192.streampartner.nl/stream,https://spicefmbd.com/logospice.png,[],FAILED,Cannot connect to host amorfm_192.streampartner.nl:443 ssl:False [Name or service not known]
1,12_Sydul104_My.m3u,Radio Bangla Net,FM Radio,,,-1,https://playerservices.streamtheworld.com/api/livestream-redirect/SP_R3563475_SC,https://cdn.instant.audio/images/logos/radio-bd-com/bangla-net.png,[],OK,
1,13_SM_Combined.m3u,Radio Bangla Net,Sm All TV,,,-1,https://playerservices.streamtheworld.com/api/livestream-redirect/SP_R3563475_SC,https://cdn.instant.audio/images/logos/radio-bd-com/bangla-net.png,[],OK,
1,12_Sydul104_My.m3u,Radio City,FM Radio,,,-1,https://n0b.radiojar.com/gmwyu8xdrxquv?rj-ttl=5&rj-tok=AAABmefVT0cAEC8yJftxyPNsng,https://spicefmbd.com/logospice.png,[],OK,
1,12_Sydul104_My.m3u,Radio GoonGoon,FM Radio,,,-1,https://audio.streamcast.xyz/radio/8000/radio.mp3,https://cdn.instant.audio/images/logos/radio-bd-com/goongoon-hd-sound.png,[],OK,
1,12_Sydul104_My.m3u,Radio Mirchi,FM Radio,,,-1,https://eu8.fastcast4u.com/proxy/clyedupq?mp=%2F1?aw_0_req_lsid=2c0fae177108c9a42a7cf24878625444,"https://m.economictimes.com/thumb/msid-71679942,width-1200,height-900,resizemode-4,imgsize-42753/radio-mirchi-agencies.jpg",['#https://18093.live.streamtheworld.com/NJS_HIN_ESTAAC/HLS/playlist.m3u8'],OK,
1,11_FAST_IPTV_Z.m3u,Rajdhani,Bangladeshi,,,-1,https://stream.shariarsuvo.com/hls5/rajdhanicable.m3u8,https://i.postimg.cc/0QRnM89n/20240825-071012.png,[],FAILED,HTTP Error: 404 Not Found
1,12_Sydul104_My.m3u,Rajdhani TV,Bangla,,,-1,https://app24.jagobd.com.bd/c3VydmVyX8RpbEU9Mi8xNy8yMFDEEHGcfRgzQ6NTAgdEoaeFzbF92YWxIZTO0U0ezN1IzMyfvcEdsEfeDeKiNkVN3PTOmdFseWRtaW51aiPhnPTI2/ayna.stream/tracks-v1a1/mono.m3u8,https://i.imgur.com/LqQp9LH.jpg,[],FAILED,Timeout on reading data from socket
1,13_SM_Combined.m3u,Rajdhani TV,Sm All TV,,,-1,https://stream.shariarsuvo.com/hls5/rajdhanicable.m3u8,"https://assets-prod.services.toffeelive.com/f_png,w_300,q_85/KECGB54BuUSiBsg_dHyj/posters/58af9c58-ed80-458c-af13-cf381680cec6.png",[],FAILED,HTTP Error: 404 Not Found
1,13_SM_Combined.m3u,Rajdhani TV,Sm All TV,,,-1,https://stream.shariarsuvo.com/hls5/rajdhanicable.m3u8,"https://assets-prod.services.toffeelive.com/w_480,q_75,f_webp/KECGB54BuUSiBsg_dHyj/posters/58af9c58-ed80-458c-af13-cf381680cec6.png",[],FAILED,HTTP Error: 404 Not Found
1,13_SM_Combined.m3u,Rajdhani TV,Toffee,,Rajdhani TV,-1,https://bldcmprod-cdn.toffeelive.com/cdn/live/rajdhani_tv/playlist.m3u8,https://assets-prod.services.toffeelive.com/KECGB54BuUSiBsg_dHyj/posters/58af9c58-ed80-458c-af13-cf381680cec6.png,"['#KODIPROP:inputstream.adaptive.stream_headers=Host=bldcmprod-cdn.toffeelive.com&cookie=Edge-Cache-Cookie%3DURLPrefix%3DaHR0cHM6Ly9ibGRjbXByb2QtY2RuLnRvZmZlZWxpdmUuY29t:Expires%3D1788739249:KeyName%3Dprod_linear:Signature%3DvvvopE1jW8UXD0_furLQy45jBbjoBJ6udZ7LiUxC1u0dIzFQA-RbJRaBb_eDlrsfHVmVp1msbPmWRruK-GAaDw&user-agent=okhttp/5.1.0&client-api-header=null&accept-encoding=gzip', '#EXTVLCOPT:http-user-agent=okhttp/5.1.0', '#EXTHTTP:{""Host"": ""bldcmprod-cdn.toffeelive.com"", ""cookie"": ""Edge-Cache-Cookie=URLPrefix=aHR0cHM6Ly9ibGRjbXByb2QtY2RuLnRvZmZlZWxpdmUuY29t:Expires=1788739249:KeyName=prod_linear:Signature=vvvopE1jW8UXD0_furLQy45jBbjoBJ6udZ7LiUxC1u0dIzFQA-RbJRaBb_eDlrsfHVmVp1msbPmWRruK-GAaDw"", ""client-api-header"": ""null"", ""accept-encoding"": ""gzip""}']",OK,
1,14_IPTV_Org_BD.m3u,Rajdhani TV (1080p),General,RajdhaniTV.bd@SD,,-1,https://stream.shariarsuvo.com/hls5/rajdhanicable.m3u8,https://i.imgur.com/MBm2gPz.jpeg,[],FAILED,HTTP Error: 404 Not Found
1,15_IPTV_Org_IN.m3u,Republic Bharat (1080p),News,RepublicBharat.in@SD,,-1,https://raw.githubusercontent.com/amazeyourself/adaptive-streams/refs/heads/main/streams/in/YuppTV/RepublicBharat.m3u8,https://dtil.tmsimg.com/assets/s143724_ld_h15_aa.png?lock=720x540,[],OK,
1,13_SM_Combined.m3u,Republic TV,Sm All TV,858,,-1,https://d3qs3d2rkhfqrt.cloudfront.net/out/v1/2e31d831f08640ff92f65003bdc89991/index.m3u8,https://static.wikia.nocookie.net/logopedia/images/f/fe/Republic-logo2.svg,[],OK,
1,00_Live_Streams.m3u,Rongeen TV,Sm All TV,1667,,-1,http://103.175.73.12:8080/live/202/202_0.m3u8,https://static.wikia.nocookie.net/etv-gspn-bangla/images/3/38/Rongeen_TV_logo_with_slogan_%282019%29.png,[],FAILED,"Cannot connect to host 103.175.73.12:8080 ssl:False [Connect call failed ('103.175.73.12', 8080)]"
1,13_SM_Combined.m3u,Rongeen TV,Sm All TV,1667,,-1,https://server.thelegitpro.in/rongeentv/rongeentv/tracks-v1a1/mono.m3u8,https://blogger.googleusercontent.com/img/b/R29vZ2xl/AVvXsEhxW1Tk5YcPMJtI5hh47SGGuJnQWY9YwkYZS9vOt_dJtQ5lRsS1vXarCGc6ixKgdEBAp2Y-K8xJyVSdiv3D62oWv_E5An9kHP_wSawaYiflPVttCjb8BW8ayfJV0JfR-TzcMD75P5hsyNzYGmHe6BK2KvXABCLMtYBANLhYQ8RUyZVXTNQHqggCb42qYg/s1080/1000023429.png,[],OK,
1,13_SM_Combined.m3u,Rongeen TV,Sm All TV,1667,,-1,https://server.thelegitpro.in/rongeentv/rongeentv/index.m3u8,,[],OK,
1,15_IPTV_Org_IN.m3u,Rongeen TV (720p),Undefined,RongeenTV.in@SD,,-1,https://server.thelegitpro.in/rongeentv/rongeentv/index.m3u8,https://jiotvimages.cdn.jio.com/dare_images/images/Rongeen_TV.png,[],OK,
1,11_FAST_IPTV_Z.m3u,RTV,Bangladeshi,,,-1,https://tvsen5.aynaott.com/RtvHD/index.m3u8,https://i.postimg.cc/fy1KcFJf/20240822_225533.png,[],OK,
1,12_Sydul104_My.m3u,RTV,Bangla,,,-1,https://app24.jagobd.com.bd/c3VydmVyX8RpbEU9Mi8xNy8yMFDEEHGcfRgzQ6NTAgdEoaeFzbF92YWxIZTO0U0ezN1IzMyfvcEdsEfeDeKiNkVN3PTOmdFseWRtaW51aiPhnPTI2/rtv-sg.stream/tracks-v1a1/mono.m3u8,https://s4.gifyu.com/images/image29282f9d45a183d6.png,[],OK,
1,13_SM_Combined.m3u,RTV,Sm All TV,,,-1,http://tvsen5.aynascope.net/RtvHD/index.m3u8,https://web.aynaott.com/storage/019dd92f-107c-7056-9e79-e5233f6e51d9/uploads/images/2026-07-02/images_d6c5ece652161d2d88ed547f00343687_playmist_rtv_400x400.jpg,[],OK,
1,14_IPTV_Org_BD.m3u,RTV (720p),General,RTV.bd@SD,,-1,http://tvsen5.aynascope.net/RtvHD/index.m3u8,https://i.imgur.com/yu8ugqt.png,[],OK,
1,00_Live_Streams.m3u,RTV HD,Bangla,,,-1,http://116.204.149.16/rtvhd/index.m3u8,https://i.ibb.co.com/rRPcs9QG/RTV-HD.png,[],OK,
1,14_IPTV_Org_BD.m3u,Rupashi Bangla TV (720p),Entertainment,RupashiBanglaTV.bd@SD,,-1,https://app24.jagobd.com.bd/c3VydmVyX8RpbEU9Mi8xNy8yMFDEEHGcfRgzQ6NTAgdEoaeFzbF92YWxIZTO0U0ezN1IzMyfvcEdsEfeDeKiNkVN3PTOmdFseWRtaW51aiPhnPTI2/ruposhibangla.stream/playlist.m3u8,https://jiotvimages.cdn.jio.com/dare_images/images/Rupashi_Bangla.png,[],OK,
1,15_IPTV_Org_IN.m3u,Rupasi Bangla (720p),Entertainment,RupasiBangla.in@SD,,-1,https://cdn-4.pishow.tv/live/1039/master.m3u8,https://dtil.tmsimg.com/assets/s143733_ld_h15_aa.png?lock=720x540,[],FAILED,HTTP Error: 404 Not Found
1,00_Live_Streams.m3u,Ruposhi Bangla,Sm All TV,RuposhiBangla.in,,-1,http://103.175.73.12:8080/live/664/664_0.m3u8,https://static.wikia.nocookie.net/etv-gspn-bangla/images/9/9c/Rupashi_Bangla_logo_%282016%29.png,[],FAILED,"Cannot connect to host 103.175.73.12:8080 ssl:False [Connect call failed ('103.175.73.12', 8080)]"
1,13_SM_Combined.m3u,Ruposhi Bangla,Sm All TV,RuposhiBangla.in,,-1,https://app24.jagobd.com.bd/c3VydmVyX8RpbEU9Mi8xNy8yMFDEEHGcfRgzQ6NTAgdEoaeFzbF92YWxIZTO0U0ezN1IzMyfvcEdsEfeDeKiNkVN3PTOmdFseWRtaW51aiPhnPTI2/ruposhibangla.stream/playlist.m3u8,http://data.jaagobd.com/media/channel_logos/rb.png,[],OK,
1,13_SM_Combined.m3u,Ruposhi Bangla,Sm All TV,RuposhiBangla.in,,-1,https://app24.jagobd.com.bd/c3VydmVyX8RpbEU9Mi8xNy8yMFDEEHGcfRgzQ6NTAgdEoaeFzbF92YWxIZTO0U0ezN1IzMyfvcEdsEfeDeKiNkVN3PTOmdFseWRtaW51aiPhnPTI2/ruposhibangla.stream/playlist.m3u8,http://data.jaagobd.com/media/channel_logos/rb.png,[],OK,
1,12_Sydul104_My.m3u,Ruposhi Bangla TV,Bangla,RuposhiBangla.in,,-1,https://app24.jagobd.com.bd/c3VydmVyX8RpbEU9Mi8xNy8yMFDEEHGcfRgzQ6NTAgdEoaeFzbF92YWxIZTO0U0ezN1IzMyfvcEdsEfeDeKiNkVN3PTOmdFseWRtaW51aiPhnPTI2/ruposhibangla.stream/playlist.m3u8,,[],OK,
1,13_SM_Combined.m3u,Russia Today,Toffee,RussiaToday.in,Russia Today,-1,https://bldcmprod-cdn.toffeelive.com/cdn/live/russia_today/playlist.m3u8,https://assets-prod.services.toffeelive.com/CNT2_p8BalKyvLQIBSUG/posters/1e937055-a014-4274-bb69-b1b56d18c434.png,"['#KODIPROP:inputstream.adaptive.stream_headers=Host=bldcmprod-cdn.toffeelive.com&cookie=Edge-Cache-Cookie%3DURLPrefix%3DaHR0cHM6Ly9ibGRjbXByb2QtY2RuLnRvZmZlZWxpdmUuY29t:Expires%3D1788739246:KeyName%3Dprod_linear:Signature%3DBoMUIUuOsNmvrWb1c0Q8jH_T5Cp35Ms_U4wmQ0V8VTLRREDi5YBnmHXjJC7IodtD5p3WMVxHDwZwNMdtD06JBQ&user-agent=okhttp/5.1.0&client-api-header=null&accept-encoding=gzip', '#EXTVLCOPT:http-user-agent=okhttp/5.1.0', '#EXTHTTP:{""Host"": ""bldcmprod-cdn.toffeelive.com"", ""cookie"": ""Edge-Cache-Cookie=URLPrefix=aHR0cHM6Ly9ibGRjbXByb2QtY2RuLnRvZmZlZWxpdmUuY29t:Expires=1788739246:KeyName=prod_linear:Signature=BoMUIUuOsNmvrWb1c0Q8jH_T5Cp35Ms_U4wmQ0V8VTLRREDi5YBnmHXjJC7IodtD5p3WMVxHDwZwNMdtD06JBQ"", ""client-api-header"": ""null"", ""accept-encoding"": ""gzip""}']",OK,
1,15_IPTV_Org_IN.m3u,Safari TV,Documentary,SafariTV.in@SD,,-1,https://cdn-6.pishow.tv/live/1513/master.m3u8,https://xstreamcp-assets-msp.streamready.in/assets/LIVETV/LIVECHANNEL/LIVETV_LIVETVCHANNEL_SAFARI_TV/images/LOGO_HD/image.png,[],FAILED,HTTP Error: 404 Not Found
1,13_SM_Combined.m3u,Sananda,Sm All TV,,,-1,http://live-stream.amarbanglatv.in:8080/hls/sanandatv/index.m3u8,https://otapp.store/uploads/tv_image/sm/sananda-tv.png,[],OK,
1,00_Live_Streams.m3u,Sananda TV,Indian Bangla,,,-1,http://sananda.bengaldigital.live/Sananda/index.m3u8,https://static.wikia.nocookie.net/etv-gspn-bangla/images/4/48/Sananda_TV_logo_%282011%29.png,[],FAILED,Cannot connect to host sananda.bengaldigital.live:80 ssl:False [Name or service not known]
1,11_FAST_IPTV_Z.m3u,Sananda TV,Indian Bangla,,,-1,http://live-stream.amarbanglatv.in:8080/hls/sanandatv/index.m3u8,https://i.postimg.cc/Kc7BJRCy/20240823-020704.png,[],OK,
1,13_SM_Combined.m3u,Sananda TV,Sm All TV,,,-1,http://live-stream.amarbanglatv.in:8080/hls/sanandatv/index.m3u8,https://i.postimg.cc/Kc7BJRCy/20240823-020704.png,[],OK,
1,15_IPTV_Org_IN.m3u,Sandesh News (576p),News,SandeshNews.in@SD,,-1,https://mumt01.tangotv.in/O5aw8Zn3SANDESHNEWS/index.m3u8,https://dtil.tmsimg.com/assets/s143755_ld_h15_aa.png?lock=720x540,[],OK,
1,00_Live_Streams.m3u,Sangeet Bangla,Music,740,,-1,https://d1g8wgjurz8via.cloudfront.net/bpk-tv/Sangeetbangla2/default/main.mpd,https://static.wikia.nocookie.net/logopedia/images/d/da/Sangeet_Bangla_logo_2006.png,[],OK,
1,00_Live_Streams.m3u,Sangeet Bangla,Indian Bangla,740,,-1,http://mag.king-4k.cc:80/C1645263A1D245C/1sFTVBSVCP/63393,https://static.wikia.nocookie.net/logopedia/images/d/da/Sangeet_Bangla_logo_2006.png,[],FAILED,HTTP Error: 401 Unauthorized
1,00_Live_Streams.m3u,Sangeet Bangla,Indian Bangla,740,,-1,http://mag.king-4k.cc:80/C1645263A1D245C/1sFTVBSVCP/1458371,https://static.wikia.nocookie.net/logopedia/images/d/da/Sangeet_Bangla_logo_2006.png,[],FAILED,HTTP Error: 401 Unauthorized
1,00_Live_Streams.m3u,Sangeet Bangla,Indian Bangla,740,,-1,https://cdn-4.pishow.tv/live/1143/master.m3u8,https://static.wikia.nocookie.net/logopedia/images/d/da/Sangeet_Bangla_logo_2006.png,[],FAILED,HTTP Error: 404 Not Found
1,12_Sydul104_My.m3u,Sangeet Bangla,Music,740,,-1,https://cdn-4.pishow.tv/live/1143/master.m3u8,https://static.wikia.nocookie.net/logopedia/images/1/1f/Sangeet_Bangla.jpg/revision/latest?cb=20200804091515,['#https://cdn-4.pishow.tv/live/1143/1143_2.m3u8'],FAILED,HTTP Error: 404 Not Found
1,13_SM_Combined.m3u,Sangeet Bangla,Sm All TV,740,,-1,https://cdn-4.pishow.tv/live/1143/master.m3u8,https://otapp.store/uploads/tv_image/sm/sangeet-bangla.png,[],FAILED,HTTP Error: 404 Not Found
1,15_IPTV_Org_IN.m3u,Sangeet Bangla (720p),Music,SangeetBangla.in@SD,,-1,https://cdn-4.pishow.tv/live/1143/master.m3u8,https://ltsk-cdn.s3.eu-west-1.amazonaws.com/jumpstart/Temp_Live/cdn/HLS/Channel/transparentImages/Sangeet%20Bangla.png,[],FAILED,HTTP Error: 404 Not Found
1,12_Sydul104_My.m3u,Sangshod TV,Bangla,,,-1,https://owrcovcrpy.gpcdn.net/bpk-tv/1709/output/index.m3u8,https://ssl.com.bd/sites/default/files/BTV%20Logo%20Gallery.png,[],FAILED,HTTP Error: 403 Forbidden
1,13_SM_Combined.m3u,Sanonda TV,Sm All TV,,,-1,http://live-stream.amarbanglatv.in:8080/hls/sanandatv/index.m3u8,https://encrypted-tbn0.gstatic.com/images?q=tbn:ANd9GcSQrOMsdkfX7iirtL5LHIosFTqpB8hhdpS7zg&usqp=CAU,[],OK,
1,00_Live_Streams.m3u,SATV,Bangla,,,-1,http://116.204.149.16/satv/index.m3u8,https://static.wikia.nocookie.net/etv-gspn-bangla/images/1/11/SATV_HD.png,[],OK,
1,12_Sydul104_My.m3u,SATV,Bangla,,,-1,https://owrcovcrpy.gpcdn.net/bpk-tv/1720/output/index.m3u8,https://s4.gifyu.com/images/image9f4a0ee9cd069bad.png,['#http://Rochdi@starshare.net:80/live/Suryaaa/SURYAAAA/3814.ts'],FAILED,HTTP Error: 403 Forbidden
1,13_SM_Combined.m3u,SATV,Sm All TV,,,-1,https://tvsen6.aynaott.com/rELXiuUXqbgzPb06Npom/index.m3u8,https://otapp.store/uploads/tv_image/sm/sa-tv.png,[],OK,
1,12_Sydul104_My.m3u,Saudi Quran,Islamic,,,-1,https://owrcovcrpy.gpcdn.net/bpk-tv/1713/output/index.m3u8,https://yt3.ggpht.com/ytc/AMLnZu_Gxy8ywjMY6_YPX-1uYtUGA56FOfDoBsH62-ekNA=s900-c-k-c0x00ffffff-no-rj,"['#https://bds.jagobd.com:447/c3VydmVyX8RpbEU9Mi8xNy8yMDE0GIDU6RgzQ6NTAgdEoaeFzbF92YWxIZTO0U0ezN1IzMyfvcGVMZEJCTEFWeVN3PTOmdFsaWRtaW51aiPhnPTI2/makkahtv.stream/tracks-v1a1/mono.m3u8', '#http://tv.cloudcdn.me/live.ts?channelId=374&uid=8164&deviceMac=00:1A:79:17:D4:A1', '#https://app.ncare.live/streams/makkahtv.stream/playlist.m3u8', '#https://media2.streambrothers.com:1936/8122/8122/playlist.m3u8', '#http://103.179.182.117:6768/hls/80/80.m3u8', '#https://cdn-globecast.akamaized.net/live/eds/saudi_quran/hls_roku/index.m3u8']",FAILED,HTTP Error: 403 Forbidden
1,13_SM_Combined.m3u,Saudi Quran,Sm All TV,,,-1,http://bigenterprise.live:8080/live/00612533/17905940/1172576.ts,https://yt3.ggpht.com/ytc/AMLnZu_Gxy8ywjMY6_YPX-1uYtUGA56FOfDoBsH62-ekNA=s900-c-k-c0x00ffffff-no-rj,[],FAILED,Timeout on reading data from socket
1,13_SM_Combined.m3u,Saudi Quran,Sm All TV,,,-1,https://cdn-globecast.akamaized.net/live/eds/saudi_quran/hls_roku/index.m3u8,https://yt3.ggpht.com/ytc/AMLnZu_Gxy8ywjMY6_YPX-1uYtUGA56FOfDoBsH62-ekNA=s900-c-k-c0x00ffffff-no-rj,[],OK,
1,13_SM_Combined.m3u,Saudi Quran,Toffee,,Saudi Quran,-1,https://bldcmprod-cdn.toffeelive.com/cdn/live/saudi_quran/playlist.m3u8,https://assets-prod.services.toffeelive.com/FdT9_p8BalKyvLQIpCUP/posters/6b39f2c6-6fe8-4720-a986-379e09968b5b.png,"['#KODIPROP:inputstream.adaptive.stream_headers=Host=bldcmprod-cdn.toffeelive.com&cookie=Edge-Cache-Cookie%3DURLPrefix%3DaHR0cHM6Ly9ibGRjbXByb2QtY2RuLnRvZmZlZWxpdmUuY29t:Expires%3D1788739246:KeyName%3Dprod_linear:Signature%3DBoMUIUuOsNmvrWb1c0Q8jH_T5Cp35Ms_U4wmQ0V8VTLRREDi5YBnmHXjJC7IodtD5p3WMVxHDwZwNMdtD06JBQ&user-agent=okhttp/5.1.0&client-api-header=null&accept-encoding=gzip', '#EXTVLCOPT:http-user-agent=okhttp/5.1.0', '#EXTHTTP:{""Host"": ""bldcmprod-cdn.toffeelive.com"", ""cookie"": ""Edge-Cache-Cookie=URLPrefix=aHR0cHM6Ly9ibGRjbXByb2QtY2RuLnRvZmZlZWxpdmUuY29t:Expires=1788739246:KeyName=prod_linear:Signature=BoMUIUuOsNmvrWb1c0Q8jH_T5Cp35Ms_U4wmQ0V8VTLRREDi5YBnmHXjJC7IodtD5p3WMVxHDwZwNMdtD06JBQ"", ""client-api-header"": ""null"", ""accept-encoding"": ""gzip""}']",OK,
1,13_SM_Combined.m3u,Saudi Sunnah,Toffee,,Saudi Sunnah,-1,https://bldcmprod-cdn.toffeelive.com/cdn/live/saudi_sunnah/playlist.m3u8,https://assets-prod.services.toffeelive.com/JNQA_58BalKyvLQIhiVD/posters/11e764bf-7969-4dcb-a94c-937a3bde2a7f.png,"['#KODIPROP:inputstream.adaptive.stream_headers=Host=bldcmprod-cdn.toffeelive.com&cookie=Edge-Cache-Cookie%3DURLPrefix%3DaHR0cHM6Ly9ibGRjbXByb2QtY2RuLnRvZmZlZWxpdmUuY29t:Expires%3D1788739246:KeyName%3Dprod_linear:Signature%3DBoMUIUuOsNmvrWb1c0Q8jH_T5Cp35Ms_U4wmQ0V8VTLRREDi5YBnmHXjJC7IodtD5p3WMVxHDwZwNMdtD06JBQ&user-agent=okhttp/5.1.0&client-api-header=null&accept-encoding=gzip', '#EXTVLCOPT:http-user-agent=okhttp/5.1.0', '#EXTHTTP:{""Host"": ""bldcmprod-cdn.toffeelive.com"", ""cookie"": ""Edge-Cache-Cookie=URLPrefix=aHR0cHM6Ly9ibGRjbXByb2QtY2RuLnRvZmZlZWxpdmUuY29t:Expires=1788739246:KeyName=prod_linear:Signature=BoMUIUuOsNmvrWb1c0Q8jH_T5Cp35Ms_U4wmQ0V8VTLRREDi5YBnmHXjJC7IodtD5p3WMVxHDwZwNMdtD06JBQ"", ""client-api-header"": ""null"", ""accept-encoding"": ""gzip""}']",OK,
1,13_SM_Combined.m3u,Saudi Sunnah HD,Sm All TV,,,-1,https://app24.jagobd.com.bd/c3VydmVyX8RpbEU9Mi8xNy8yMFDEEHGcfRgzQ6NTAgdEoaeFzbF92YWxIZTO0U0ezN1IzMyfvcEdsEfeDeKiNkVN3PTOmdFseWRtaW51aiPhnPTI2/madina.stream/playlist.m3u8,https://otapp.store/uploads/tv_image/sm/madina-live-tv-sunnah-tv.png,[],OK,
1,12_Sydul104_My.m3u,Sci Fi,English Movie,,,-1,https://nomawnoijl.gpcdn.net/akash/partyuniverse/playlist.m3u8,https://i.ibb.co/Ns62bY2/2021-04-22-10-24-01.png,[],FAILED,HTTP Error: 403 Forbidden
1,12_Sydul104_My.m3u,Sheemaroo Bollywood,Hindi,,,-1,https://cdn-uw2-prod.tsv2.amagi.tv/linear/amg00864-shemarooenterta-shemabollywood-ono/playlist.m3u8,https://i.ibb.co/KjjqnRH/Picsart-23-06-30-21-35-20-283.png,[],OK,
1,13_SM_Combined.m3u,Sheemaroo Bollywood,Sm All TV,,,-1,https://cdn-uw2-prod.tsv2.amagi.tv/linear/amg00864-shemarooenterta-shemabollywood-ono/playlist.m3u8,https://i.ibb.co/KjjqnRH/Picsart-23-06-30-21-35-20-283.png,[],OK,
1,15_IPTV_Org_IN.m3u,Shemaroo Filmi Gaane (1080p),Movies,ShemarooFilmiGaane.in@HD,,-1,http://103.213.31.109:90/ShemarooFilmiGaane/playlist.m3u8,https://jiotvimages.cdn.jio.com/dare_images/images/channel/0d5b07555b2d4415aa9f145273095ed7.png,[],FAILED,Connection timeout to host http://103.213.31.109:90/ShemarooFilmiGaane/playlist.m3u8
1,15_IPTV_Org_IN.m3u,Shemaroo Josh (720p),Movies,ShemarooJosh.in@SD,,-1,http://103.213.31.109:90/ChumbakTv/playlist.m3u8,https://dtil.tmsimg.com/assets/GNLZZGG00297P3E.png?lock=720x540,[],FAILED,Connection timeout to host http://103.213.31.109:90/ChumbakTv/playlist.m3u8
1,15_IPTV_Org_IN.m3u,Shemaroo TV (720p),Entertainment,ShemarooTV.in@SD,,-1,https://airtelapp.shemaroo.com/shemarootv/smil:shemarootvadp.smil/playlist.m3u8,https://xstreamcp-assets-msp.streamready.in/assets/LIVETV/LIVECHANNEL/LIVETV_LIVETVCHANNEL_SHEMAROO_TV/images/LOGO_HD/image.png,[],OK,
1,15_IPTV_Org_IN.m3u,Shubh Cinema TV (720p),Movies,ShubhCinemaTV.in@SD,,-1,https://d393sxaxig6bax.cloudfront.net/out/v1/589cf2cf44bf42bb941e817a2240d62e/index.m3u8,https://i.imgur.com/RQhorAG.png,[],OK,
1,15_IPTV_Org_IN.m3u,Shubhsandesh TV (576p),Religious,ShubhsandeshTV.in@SD,,-1,https://mumt03.tangotv.in/Dsly5z3HSHUBHSANDESH/index.m3u8,https://xstreamcp-assets-msp.streamready.in/assets/LIVETV/LIVECHANNEL/LIVETV_LIVETVCHANNEL_SHUBHSANDESH_TV/images/LOGO_HD/image.png,[],OK,
1,15_IPTV_Org_IN.m3u,Siri Kannada All Time (576p),Entertainment,SiriKannadaAllTime.in@SD,,-1,https://mumt07.tangotv.in/zHjX9OFlSIRIKANNADAALLTIME/index.m3u8,https://i.imgur.com/IR0BrEX.jpeg,[],OK,
1,15_IPTV_Org_IN.m3u,Soham TV (576p),Religious,SohamTV.in@SD,,-1,https://mumt03.tangotv.in/Dsly5z3HSOHAMTV/index.m3u8,https://i.imgur.com/cpedJ0L.png,[],FAILED,Timeout on reading data from socket
1,00_Live_Streams.m3u,Somoy TV,Toffee,,,-1,https://owrcovcrpy.gpcdn.net/bpk-tv/1702/output/index.m3u8,https://www.somoynews.tv/icon.png,[],FAILED,HTTP Error: 403 Forbidden
1,11_FAST_IPTV_Z.m3u,Somoy TV,Bangladeshi,,,-1,https://stream.ottplus.bd/live/somoy_tv_abr/index.m3u8,https://i.postimg.cc/QCKgdb09/20240822-230145.png,[],OK,
1,12_Sydul104_My.m3u,Somoy TV,Bangla,,,-1,https://live.thebosstv.com:30443/dwlive/Somoy-TV/chunks.m3u8,https://dl.dropbox.com/s/leielj83em5kg7h/somoy_news.png,"['#https://owrcovcrpy.gpcdn.net/bpk-tv/1702/output/index.m3u8', '#http://198.195.239.50:8095/somoyTv/tracks-v1a1/mono.m3u8']",FAILED,"Cannot connect to host live.thebosstv.com:30443 ssl:False [Connect call failed ('137.184.250.35', 30443)]"
1,13_SM_Combined.m3u,Somoy TV,Sm All TV,,,-1,https://tvsen6.aynaott.com/4XcqdovJzbbC9WdJA9gk/index.m3u8,https://assets-prod.services.toffeelive.com//Xi_Ga5oBNnOkwJLWkhKP/posters/ef2899d5-1ae0-4fee-aee5-45f9b0b3ba80.png,[],OK,
1,13_SM_Combined.m3u,Somoy TV,Sm All TV,,,-1,https://tvsen6.aynaott.com/4XcqdovJzbbC9WdJA9gk/index.m3u8,https://i.postimg.cc/QCKgdb09/20240822-230145.png,[],OK,
1,13_SM_Combined.m3u,Somoy TV,Toffee,,Somoy TV,-1,https://bldcmprod-cdn.toffeelive.com/cdn/live/somoy_tv/playlist.m3u8,https://assets-prod.services.toffeelive.com/Xi_Ga5oBNnOkwJLWkhKP/posters/ef2899d5-1ae0-4fee-aee5-45f9b0b3ba80.png,"['#KODIPROP:inputstream.adaptive.stream_headers=Host=bldcmprod-cdn.toffeelive.com&cookie=Edge-Cache-Cookie%3DURLPrefix%3DaHR0cHM6Ly9ibGRjbXByb2QtY2RuLnRvZmZlZWxpdmUuY29t:Expires%3D1788739247:KeyName%3Dprod_linear:Signature%3DNqfCadcudxyf41TJfOS_XKSclb4OqN_D_I3f65ns_9K5cYOh6-uXVbf6ZBttnMu966mSyDOjeqlhL0rZtT0QCg&user-agent=okhttp/5.1.0&client-api-header=null&accept-encoding=gzip', '#EXTVLCOPT:http-user-agent=okhttp/5.1.0', '#EXTHTTP:{""Host"": ""bldcmprod-cdn.toffeelive.com"", ""cookie"": ""Edge-Cache-Cookie=URLPrefix=aHR0cHM6Ly9ibGRjbXByb2QtY2RuLnRvZmZlZWxpdmUuY29t:Expires=1788739247:KeyName=prod_linear:Signature=NqfCadcudxyf41TJfOS_XKSclb4OqN_D_I3f65ns_9K5cYOh6-uXVbf6ZBttnMu966mSyDOjeqlhL0rZtT0QCg"", ""client-api-header"": ""null"", ""accept-encoding"": ""gzip""}']",OK,
1,12_Sydul104_My.m3u,Somoy TV [2],Bangla,,,-1,http://103.165.93.31:8095/somoyTv/tracks-v1a1/mono.m3u8,https://dl.dropbox.com/s/leielj83em5kg7h/somoy_news.png,[],OK,
1,14_IPTV_Org_BD.m3u,Sonic (576p),Kids,Sonic.in@SD,,-1,http://103.185.24.134:3001/SONIC/index.m3u8,https://xstreamcp-assets-msp.streamready.in/assets/LIVETV/LIVECHANNEL/LIVETV_LIVETVCHANNEL_SONIC/images/LOGO_HD/image.png,[],OK,
1,15_IPTV_Org_IN.m3u,Sonic (576p),Kids,Sonic.in@SD,,-1,http://103.185.24.134:3001/SONIC/index.m3u8,https://xstreamcp-assets-msp.streamready.in/assets/LIVETV/LIVECHANNEL/LIVETV_LIVETVCHANNEL_SONIC/images/LOGO_HD/image.png,[],OK,
1,11_FAST_IPTV_Z.m3u,Sony Aath,Indian Bangla,SONYAATH.in,,-1,https://stream.ottplus.live/live/sony_aath_abr/index.m3u8,https://i.postimg.cc/2yNd3WJ0/20240822-231606.png,[],OK,
1,12_Sydul104_My.m3u,Sony Aath,Indian Bangla,SONYAATH.in,,-1,https://stream.ottplus.bd/live/sony_aath_abr/live/sony_aath_720/chunks.m3u8,https://upload.wikimedia.org/wikipedia/commons/thumb/5/53/Sony_Aath_logo.svg/1200px-Sony_Aath_logo.svg.png,"['#https://app.hughag.store/api/b6a720edea/playlist.m3u8', '#https://cloudfrontnet.vercel.app/tplay/playout/209611/master.m3u8', '#https://master-proxy.wispy-boat-fc77.workers.dev/?url=http://stvlive.net:8080/sonyaath/tracks-v1a1/mono.m3u8', '#http://198.195.239.50:8095/SonyAath/tracks-v1a1/mono.m3u8', '#https://live20.bozztv.com/giatvplayout7/giatv-209611/index.m3u8']",OK,
1,13_SM_Combined.m3u,Sony Aath,Sm All TV,sony-aath,,-1,http://live.balajibroadband.com:3500/live/697.m3u8,https://sonypicturesnetworks.com/images/logos/SONY%20AATH.png,[],OK,
1,13_SM_Combined.m3u,Sony Aath,Toffee,SONYAATH.in,Sony Aath,-1,https://bldcmprod-cdn.toffeelive.com/cdn/live/sonyaath/playlist.m3u8,https://assets-prod.services.toffeelive.com/xi6xX5UBv9knK3AH9aMk/posters/f4db1c12-b10f-46e8-a09b-e0efb8820970.png,"['#KODIPROP:inputstream.adaptive.stream_headers=Host=bldcmprod-cdn.toffeelive.com&cookie=Edge-Cache-Cookie%3DURLPrefix%3DaHR0cHM6Ly9ibGRjbXByb2QtY2RuLnRvZmZlZWxpdmUuY29t:Expires%3D1788739246:KeyName%3Dprod_linear:Signature%3DBoMUIUuOsNmvrWb1c0Q8jH_T5Cp35Ms_U4wmQ0V8VTLRREDi5YBnmHXjJC7IodtD5p3WMVxHDwZwNMdtD06JBQ&user-agent=okhttp/5.1.0&client-api-header=null&accept-encoding=gzip', '#EXTVLCOPT:http-user-agent=okhttp/5.1.0', '#EXTHTTP:{""Host"": ""bldcmprod-cdn.toffeelive.com"", ""cookie"": ""Edge-Cache-Cookie=URLPrefix=aHR0cHM6Ly9ibGRjbXByb2QtY2RuLnRvZmZlZWxpdmUuY29t:Expires=1788739246:KeyName=prod_linear:Signature=BoMUIUuOsNmvrWb1c0Q8jH_T5Cp35Ms_U4wmQ0V8VTLRREDi5YBnmHXjJC7IodtD5p3WMVxHDwZwNMdtD06JBQ"", ""client-api-header"": ""null"", ""accept-encoding"": ""gzip""}']",OK,
1,15_IPTV_Org_IN.m3u,Sony Aath (576p),Entertainment,SonyAath.in@SD,,-1,http://103.165.93.31:8095/sonyAath/index.m3u8,https://xstreamcp-assets-msp.streamready.in/assets/LIVETV/LIVECHANNEL/LIVETV_LIVETVCHANNEL_SONY_8/images/LOGO_HD/image.png,[],OK,
1,13_SM_Combined.m3u,Sony Aath HD,Sm All TV,SONYAATH.in,,-1,http://premiumtvs.space:80/live/PeH5kPWFfG/infamous7funny/4083.ts,https://static.wikia.nocookie.net/logopedia/images/0/00/SONY_AATH.png,[],FAILED,HTTP Error: 401 Unauthorized
1,13_SM_Combined.m3u,Sony Aath HD,Sm All TV,sonyaathhd.in,,-1,https://live20.bozztv.com/giatvplayout7/giatv-209611/index.m3u8,https://static.wikia.nocookie.net/logopedia/images/0/00/SONY_AATH.png,[],OK,
1,13_SM_Combined.m3u,Sony Aath Kids,Sm All TV,SONYAATH.in,,-1,https://live20.bozztv.com/giatvplayout7/giatv-209611/index.m3u8,https://static.wikia.nocookie.net/logopedia/images/0/00/SONY_AATH.png,[],OK,
1,11_FAST_IPTV_Z.m3u,Sony BBC Earth,Documentory,821,,-1,https://amg00793-amg00793c6-xumo-us-2669.playouts.now.amagi.tv/BBCStudios-BBCEarthA-hls/playlist540p.m3u8,https://i.postimg.cc/MZR248Yw/20240823-024104.png,[],OK,
1,13_SM_Combined.m3u,Sony BBC Earth HD,Toffee,821,Sony BBC Earth HD,-1,https://bldcmprod-cdn.toffeelive.com/cdn/live/sonybbc_earth_hd/playlist.m3u8,https://assets-prod.services.toffeelive.com/MC6C-JQBv9knK3AHUzUT/posters/a8c32fd3-2ba7-437c-85ac-de2f1b2fa6ca.webp,"['#KODIPROP:inputstream.adaptive.stream_headers=Host=bldcmprod-cdn.toffeelive.com&cookie=Edge-Cache-Cookie%3DURLPrefix%3DaHR0cHM6Ly9ibGRjbXByb2QtY2RuLnRvZmZlZWxpdmUuY29t:Expires%3D1788739246:KeyName%3Dprod_linear:Signature%3DBoMUIUuOsNmvrWb1c0Q8jH_T5Cp35Ms_U4wmQ0V8VTLRREDi5YBnmHXjJC7IodtD5p3WMVxHDwZwNMdtD06JBQ&user-agent=okhttp/5.1.0&client-api-header=null&accept-encoding=gzip', '#EXTVLCOPT:http-user-agent=okhttp/5.1.0', '#EXTHTTP:{""Host"": ""bldcmprod-cdn.toffeelive.com"", ""cookie"": ""Edge-Cache-Cookie=URLPrefix=aHR0cHM6Ly9ibGRjbXByb2QtY2RuLnRvZmZlZWxpdmUuY29t:Expires=1788739246:KeyName=prod_linear:Signature=BoMUIUuOsNmvrWb1c0Q8jH_T5Cp35Ms_U4wmQ0V8VTLRREDi5YBnmHXjJC7IodtD5p3WMVxHDwZwNMdtD06JBQ"", ""client-api-header"": ""null"", ""accept-encoding"": ""gzip""}']",OK,
1,13_SM_Combined.m3u,Sony Entertainment Television,Toffee,,Sony Entertainment Television,-1,https://bldcmprod-cdn.toffeelive.com/cdn/live/sony_entertainment/playlist.m3u8,https://assets-prod.services.toffeelive.com/2S5t-JQBv9knK3AHJTTW/posters/ae74f943-77c9-4395-a16c-8ed84b439080.webp,"['#KODIPROP:inputstream.adaptive.stream_headers=Host=bldcmprod-cdn.toffeelive.com&cookie=Edge-Cache-Cookie%3DURLPrefix%3DaHR0cHM6Ly9ibGRjbXByb2QtY2RuLnRvZmZlZWxpdmUuY29t:Expires%3D1788739246:KeyName%3Dprod_linear:Signature%3DBoMUIUuOsNmvrWb1c0Q8jH_T5Cp35Ms_U4wmQ0V8VTLRREDi5YBnmHXjJC7IodtD5p3WMVxHDwZwNMdtD06JBQ&user-agent=okhttp/5.1.0&client-api-header=null&accept-encoding=gzip', '#EXTVLCOPT:http-user-agent=okhttp/5.1.0', '#EXTHTTP:{""Host"": ""bldcmprod-cdn.toffeelive.com"", ""cookie"": ""Edge-Cache-Cookie=URLPrefix=aHR0cHM6Ly9ibGRjbXByb2QtY2RuLnRvZmZlZWxpdmUuY29t:Expires=1788739246:KeyName=prod_linear:Signature=BoMUIUuOsNmvrWb1c0Q8jH_T5Cp35Ms_U4wmQ0V8VTLRREDi5YBnmHXjJC7IodtD5p3WMVxHDwZwNMdtD06JBQ"", ""client-api-header"": ""null"", ""accept-encoding"": ""gzip""}']",OK,
1,13_SM_Combined.m3u,Sony Entertainment Television HD,Toffee,,Sony Entertainment Television HD,-1,https://bldcmprod-cdn.toffeelive.com/cdn/live/sonyentertainmnt_hd/playlist.m3u8,https://assets-prod.services.toffeelive.com/-y50-JQBv9knK3AHLzSn/posters/0ab48ac0-ec84-4ca2-9601-746ff3cb809e.webp,"['#KODIPROP:inputstream.adaptive.stream_headers=Host=bldcmprod-cdn.toffeelive.com&cookie=Edge-Cache-Cookie%3DURLPrefix%3DaHR0cHM6Ly9ibGRjbXByb2QtY2RuLnRvZmZlZWxpdmUuY29t:Expires%3D1788739246:KeyName%3Dprod_linear:Signature%3DBoMUIUuOsNmvrWb1c0Q8jH_T5Cp35Ms_U4wmQ0V8VTLRREDi5YBnmHXjJC7IodtD5p3WMVxHDwZwNMdtD06JBQ&user-agent=okhttp/5.1.0&client-api-header=null&accept-encoding=gzip', '#EXTVLCOPT:http-user-agent=okhttp/5.1.0', '#EXTHTTP:{""Host"": ""bldcmprod-cdn.toffeelive.com"", ""cookie"": ""Edge-Cache-Cookie=URLPrefix=aHR0cHM6Ly9ibGRjbXByb2QtY2RuLnRvZmZlZWxpdmUuY29t:Expires=1788739246:KeyName=prod_linear:Signature=BoMUIUuOsNmvrWb1c0Q8jH_T5Cp35Ms_U4wmQ0V8VTLRREDi5YBnmHXjJC7IodtD5p3WMVxHDwZwNMdtD06JBQ"", ""client-api-header"": ""null"", ""accept-encoding"": ""gzip""}']",OK,
1,15_IPTV_Org_IN.m3u,Sony Entertainment Television HD (1080p),Entertainment,SonyEntertainmentTelevision.in@HD,,-1,http://38.96.178.205/SONYHD/index.m3u8,https://dtil.tmsimg.com/assets/s159096_ld_h15_aa.png?lock=720x540,[],OK,
1,13_SM_Combined.m3u,Sony Entertainment TV,Sm All TV,,,-1,http://rgkkw.live:80/live/1Aoen7elp5/IgMJ60tmAa/144.ts,"https://assets-prod.services.toffeelive.com/f_png,w_300,q_85/2S5t-JQBv9knK3AHJTTW/posters/ae74f943-77c9-4395-a16c-8ed84b439080.webp",[],OK,
1,13_SM_Combined.m3u,Sony Max,Sm All TV,476,,-1,https://stream.ottplus.bd/live/sony_max_sd_abr/live/sony_max_sd_720/chunks.m3u8,"https://assets-prod.services.toffeelive.com/f_png,w_300,q_85/Ay52-JQBv9knK3AHFDWt/posters/00afb30b-3c19-4c4c-abd8-891db94e4767.webp",[],OK,
1,13_SM_Combined.m3u,Sony Max,Sm All TV,476,,-1,http://rgkkw.live:80/live/1Aoen7elp5/IgMJ60tmAa/151.ts,"https://assets-prod.services.toffeelive.com/f_png,w_300,q_85/Ay52-JQBv9knK3AHFDWt/posters/00afb30b-3c19-4c4c-abd8-891db94e4767.webp",[],OK,
1,13_SM_Combined.m3u,Sony Max,Toffee,476,Sony MAX,-1,https://bldcmprod-cdn.toffeelive.com/cdn/live/sony_max/playlist.m3u8,https://assets-prod.services.toffeelive.com/Ay52-JQBv9knK3AHFDWt/posters/00afb30b-3c19-4c4c-abd8-891db94e4767.webp,"['#KODIPROP:inputstream.adaptive.stream_headers=Host=bldcmprod-cdn.toffeelive.com&cookie=Edge-Cache-Cookie%3DURLPrefix%3DaHR0cHM6Ly9ibGRjbXByb2QtY2RuLnRvZmZlZWxpdmUuY29t:Expires%3D1788739246:KeyName%3Dprod_linear:Signature%3DBoMUIUuOsNmvrWb1c0Q8jH_T5Cp35Ms_U4wmQ0V8VTLRREDi5YBnmHXjJC7IodtD5p3WMVxHDwZwNMdtD06JBQ&user-agent=okhttp/5.1.0&client-api-header=null&accept-encoding=gzip', '#EXTVLCOPT:http-user-agent=okhttp/5.1.0', '#EXTHTTP:{""Host"": ""bldcmprod-cdn.toffeelive.com"", ""cookie"": ""Edge-Cache-Cookie=URLPrefix=aHR0cHM6Ly9ibGRjbXByb2QtY2RuLnRvZmZlZWxpdmUuY29t:Expires=1788739246:KeyName=prod_linear:Signature=BoMUIUuOsNmvrWb1c0Q8jH_T5Cp35Ms_U4wmQ0V8VTLRREDi5YBnmHXjJC7IodtD5p3WMVxHDwZwNMdtD06JBQ"", ""client-api-header"": ""null"", ""accept-encoding"": ""gzip""}']",OK,
1,15_IPTV_Org_IN.m3u,Sony Max (576p) [geo Blocked],Movies,SonyMax.in@SD,,-1,http://dksmedia.tv/play/live.php?mac=00:1A:79:B6:60:3D&stream=156013&extension=ts&play_token=slNi06NyY0,https://dtil.tmsimg.com/assets/s157590_ld_h15_aa.png?lock=720x540,[],FAILED,HTTP Error: 458 
1,15_IPTV_Org_IN.m3u,Sony Max 1 (720p),Movies,SonyMax1.in@SD,,-1,http://103.159.180.34:5001/live/3418.m3u8,https://dtil.tmsimg.com/assets/s179440_ld_h15_aa.png?lock=720x540,[],OK,
1,11_FAST_IPTV_Z.m3u,Sony Max 2,Indian Hindi,ts120,,-1,https://stream.ottplus.bd/live/max_2_abr/live/max_2_720/chunks.m3u8,https://i.postimg.cc/hP59QSrm/20240825_075205.png,[],OK,
1,13_SM_Combined.m3u,Sony Max 2,Toffee,ts120,Sony MAX 2,-1,https://bldcmprod-cdn.toffeelive.com/cdn/live/sonymax_2/playlist.m3u8,https://assets-prod.services.toffeelive.com/Ii5_-JQBv9knK3AHLDV3/posters/d961cc87-81b6-4b30-8414-8c0af2774818.webp,"['#KODIPROP:inputstream.adaptive.stream_headers=Host=bldcmprod-cdn.toffeelive.com&cookie=Edge-Cache-Cookie%3DURLPrefix%3DaHR0cHM6Ly9ibGRjbXByb2QtY2RuLnRvZmZlZWxpdmUuY29t:Expires%3D1788739246:KeyName%3Dprod_linear:Signature%3DBoMUIUuOsNmvrWb1c0Q8jH_T5Cp35Ms_U4wmQ0V8VTLRREDi5YBnmHXjJC7IodtD5p3WMVxHDwZwNMdtD06JBQ&user-agent=okhttp/5.1.0&client-api-header=null&accept-encoding=gzip', '#EXTVLCOPT:http-user-agent=okhttp/5.1.0', '#EXTHTTP:{""Host"": ""bldcmprod-cdn.toffeelive.com"", ""cookie"": ""Edge-Cache-Cookie=URLPrefix=aHR0cHM6Ly9ibGRjbXByb2QtY2RuLnRvZmZlZWxpdmUuY29t:Expires=1788739246:KeyName=prod_linear:Signature=BoMUIUuOsNmvrWb1c0Q8jH_T5Cp35Ms_U4wmQ0V8VTLRREDi5YBnmHXjJC7IodtD5p3WMVxHDwZwNMdtD06JBQ"", ""client-api-header"": ""null"", ""accept-encoding"": ""gzip""}']",OK,
1,15_IPTV_Org_IN.m3u,Sony Max 2 (576p),Movies,SonyMax2.in@SD,,-1,http://149.71.34.166:8000/play/a00z/index.m3u8,https://i.imgur.com/gqUYk6C.png,[],FAILED,"Cannot connect to host 149.71.34.166:8000 ssl:False [Connect call failed ('149.71.34.166', 8000)]"
1,11_FAST_IPTV_Z.m3u,Sony Max HD,Indian Hindi,476,,-1,https://stream.ottplus.bd/live/max_hd_abr/live/max_hd_720/chunks.m3u8,https://i.postimg.cc/YS3BdNNW/20240823_022655.png,[],OK,
1,12_Sydul104_My.m3u,Sony Max HD,Hindi,476,,-1,https://stream.ottplus.bd/live/max_hd_abr/live/max_hd_720/chunks.m3u8,https://upload.wikimedia.org/wikipedia/commons/thumb/1/10/Sony_MAX.svg/1200px-Sony_MAX.svg.png,[],OK,
1,13_SM_Combined.m3u,Sony Max HD,Toffee,476,Sony MAX HD,-1,https://bldcmprod-cdn.toffeelive.com/cdn/live/sony_max_hd/playlist.m3u8,https://assets-prod.services.toffeelive.com/Ai51-JQBv9knK3AH_jWs/posters/663e52a6-1a9f-4458-b4aa-7c03d84972f1.webp,"['#KODIPROP:inputstream.adaptive.stream_headers=Host=bldcmprod-cdn.toffeelive.com&cookie=Edge-Cache-Cookie%3DURLPrefix%3DaHR0cHM6Ly9ibGRjbXByb2QtY2RuLnRvZmZlZWxpdmUuY29t:Expires%3D1788739246:KeyName%3Dprod_linear:Signature%3DBoMUIUuOsNmvrWb1c0Q8jH_T5Cp35Ms_U4wmQ0V8VTLRREDi5YBnmHXjJC7IodtD5p3WMVxHDwZwNMdtD06JBQ&user-agent=okhttp/5.1.0&client-api-header=null&accept-encoding=gzip', '#EXTVLCOPT:http-user-agent=okhttp/5.1.0', '#EXTHTTP:{""Host"": ""bldcmprod-cdn.toffeelive.com"", ""cookie"": ""Edge-Cache-Cookie=URLPrefix=aHR0cHM6Ly9ibGRjbXByb2QtY2RuLnRvZmZlZWxpdmUuY29t:Expires=1788739246:KeyName=prod_linear:Signature=BoMUIUuOsNmvrWb1c0Q8jH_T5Cp35Ms_U4wmQ0V8VTLRREDi5YBnmHXjJC7IodtD5p3WMVxHDwZwNMdtD06JBQ"", ""client-api-header"": ""null"", ""accept-encoding"": ""gzip""}']",OK,
1,12_Sydul104_My.m3u,Sony Max SD,Hindi,289,,-1,https://stream.ottplus.bd/live/sony_max_sd_abr/live/sony_max_sd_720/chunks.m3u8,https://upload.wikimedia.org/wikipedia/commons/thumb/1/10/Sony_MAX.svg/1200px-Sony_MAX.svg.png,[],OK,
1,13_SM_Combined.m3u,Sony Pal,Sm All TV,sony-pal,,-1,http://live.balajibroadband.com:3500/live/474.m3u8,https://sonypicturesnetworks.com/images/logos/SONY%20PAL.png,[],OK,
1,15_IPTV_Org_IN.m3u,Sony Pal (576p),Entertainment,SonyPal.in@SD,,-1,http://59.103.38.46:8000/play/a0ac/index.m3u8,https://xstreamcp-assets-msp.streamready.in/assets/LIVETV/LIVECHANNEL/LIVETV_LIVETVCHANNEL_SONY_PAL/images/LOGO_HD/image.png,[],OK,
1,12_Sydul104_My.m3u,Sony Pix,English Movie,762,,-1,https://stream.ottplus.bd/live/pix_hd_abr/live/sony_pix_hd_720/chunks.m3u8,https://raw.githubusercontent.com/subirkumarpaul/Logo/56e54462053b1b278b80b532c89c01f17e360fd5/Sony%20Pix.jpeg,[],OK,
1,00_Live_Streams.m3u,Sony Pix HD,Movies,762,,-1,http://202.70.146.135:8000/play/a06p/index.m3u8,https://i.postimg.cc/Z5G8j67L/PIX-HD-WHITE.png,[],FAILED,HTTP Error: 404 Not Found
1,13_SM_Combined.m3u,Sony Pix HD,Toffee,762,Sony PIX HD,-1,https://bldcmprod-cdn.toffeelive.com/cdn/live/sonypix_hd/playlist.m3u8,https://assets-prod.services.toffeelive.com/Ly6C-JQBv9knK3AHOjXt/posters/252e64ca-8d99-46e7-a951-e10c1703c11d.webp,"['#KODIPROP:inputstream.adaptive.stream_headers=Host=bldcmprod-cdn.toffeelive.com&cookie=Edge-Cache-Cookie%3DURLPrefix%3DaHR0cHM6Ly9ibGRjbXByb2QtY2RuLnRvZmZlZWxpdmUuY29t:Expires%3D1788739246:KeyName%3Dprod_linear:Signature%3DBoMUIUuOsNmvrWb1c0Q8jH_T5Cp35Ms_U4wmQ0V8VTLRREDi5YBnmHXjJC7IodtD5p3WMVxHDwZwNMdtD06JBQ&user-agent=okhttp/5.1.0&client-api-header=null&accept-encoding=gzip', '#EXTVLCOPT:http-user-agent=okhttp/5.1.0', '#EXTHTTP:{""Host"": ""bldcmprod-cdn.toffeelive.com"", ""cookie"": ""Edge-Cache-Cookie=URLPrefix=aHR0cHM6Ly9ibGRjbXByb2QtY2RuLnRvZmZlZWxpdmUuY29t:Expires=1788739246:KeyName=prod_linear:Signature=BoMUIUuOsNmvrWb1c0Q8jH_T5Cp35Ms_U4wmQ0V8VTLRREDi5YBnmHXjJC7IodtD5p3WMVxHDwZwNMdtD06JBQ"", ""client-api-header"": ""null"", ""accept-encoding"": ""gzip""}']",OK,
1,15_IPTV_Org_IN.m3u,Sony Pix HD (1080p) [geo Blocked],Movies,SonyPix.in@HD,,-1,https://sl.vodep39240327.workers.dev/channel/SONY+PIX+HD.m3u8,https://i.postimg.cc/Z5G8j67L/PIX-HD-WHITE.png,[],OK,
1,13_SM_Combined.m3u,Sony Sab,Sm All TV,ts559,,-1,https://stream.ottplus.bd/live/sub_hd_abr/index.m3u8,"https://assets-prod.services.toffeelive.com/f_png,w_300,q_85/ES55-JQBv9knK3AHNDWC/posters/13411be9-62b9-4a99-a062-b6e91dfb1099.webp",[],OK,
1,11_FAST_IPTV_Z.m3u,Sony Sab HD,Indian Hindi,ts48,,-1,https://stream.ottplus.bd/live/sub_hd_abr/index.m3u8,https://i.postimg.cc/Gpz6FLrP/20240823_023114.png,[],OK,
1,13_SM_Combined.m3u,Sony Sab HD,Toffee,ts48,Sony SAB HD,-1,https://bldcmprod-cdn.toffeelive.com/cdn/live/sonysab_hd/playlist.m3u8,https://assets-prod.services.toffeelive.com/ES55-JQBv9knK3AHNDWC/posters/13411be9-62b9-4a99-a062-b6e91dfb1099.webp,"['#KODIPROP:inputstream.adaptive.stream_headers=Host=bldcmprod-cdn.toffeelive.com&cookie=Edge-Cache-Cookie%3DURLPrefix%3DaHR0cHM6Ly9ibGRjbXByb2QtY2RuLnRvZmZlZWxpdmUuY29t:Expires%3D1788739246:KeyName%3Dprod_linear:Signature%3DBoMUIUuOsNmvrWb1c0Q8jH_T5Cp35Ms_U4wmQ0V8VTLRREDi5YBnmHXjJC7IodtD5p3WMVxHDwZwNMdtD06JBQ&user-agent=okhttp/5.1.0&client-api-header=null&accept-encoding=gzip', '#EXTVLCOPT:http-user-agent=okhttp/5.1.0', '#EXTHTTP:{""Host"": ""bldcmprod-cdn.toffeelive.com"", ""cookie"": ""Edge-Cache-Cookie=URLPrefix=aHR0cHM6Ly9ibGRjbXByb2QtY2RuLnRvZmZlZWxpdmUuY29t:Expires=1788739246:KeyName=prod_linear:Signature=BoMUIUuOsNmvrWb1c0Q8jH_T5Cp35Ms_U4wmQ0V8VTLRREDi5YBnmHXjJC7IodtD5p3WMVxHDwZwNMdtD06JBQ"", ""client-api-header"": ""null"", ""accept-encoding"": ""gzip""}']",OK,
1,11_FAST_IPTV_Z.m3u,Sony Television,Indian Hindi,,,-1,https://stream.ottplus.live/live/sony_ent_sd_abr/index.m3u8,https://i.postimg.cc/XYfRvKzz/20240823_023036.png,[],OK,
1,11_FAST_IPTV_Z.m3u,Sony Television HD,Indian Hindi,,,-1,https://stream.ottplus.live/live/sony_ent_hd_abr/index.m3u8,https://i.postimg.cc/XYfRvKzz/20240823_023036.png,[],OK,
1,15_IPTV_Org_IN.m3u,Sony Wah (1080p) [geo Blocked],Movies,SonyWah.in@SD,,-1,https://sl.vodep39240327.workers.dev/channel/SONY+WAH.m3u8,https://xstreamcp-assets-msp.streamready.in/assets/LIVETV/LIVECHANNEL/LIVETV_LIVETVCHANNEL_SONY_WAH/images/LOGO_HD/image.png,[],OK,
1,11_FAST_IPTV_Z.m3u,Sony Yay,Kids,3507,,-1,https://stream.ottplus.live/live/sony_yay_abr/live/sony_yay_720/chunks.m3u8,https://i.postimg.cc/jSBDsbBX/20240823_021324.png,[],OK,
1,12_Sydul104_My.m3u,Sony Yay,Kids,3507,,-1,https://d6lk10bkdgfae.cloudfront.net/v1/master/3722c60a815c199d9c0ef36c5b73da68a62b09d1/cc-n0stmvwxmsf5c/playlist.m3u8,https://upload.wikimedia.org/wikipedia/commons/5/5a/Sony_YAY%21_logo_%282017-present%29.png,[],OK,
1,13_SM_Combined.m3u,Sony Yay,Cartoon,sony-yay,,-1,http://live.balajibroadband.com:3500/live/872.m3u8,https://sonypicturesnetworks.com/images/logos/SONY%20YAY.png,[],FAILED,HTTP Error: 500 Internal Server Error
1,13_SM_Combined.m3u,Sony Yay,Toffee,3507,Sony YAY,-1,https://bldcmprod-cdn.toffeelive.com/cdn/live/sonyyay/playlist.m3u8,https://assets-prod.services.toffeelive.com/IC5_-JQBv9knK3AHFDXh/posters/36df4012-80f2-4a98-9970-3b663f62093f.webp,"['#KODIPROP:inputstream.adaptive.stream_headers=Host=bldcmprod-cdn.toffeelive.com&cookie=Edge-Cache-Cookie%3DURLPrefix%3DaHR0cHM6Ly9ibGRjbXByb2QtY2RuLnRvZmZlZWxpdmUuY29t:Expires%3D1788739246:KeyName%3Dprod_linear:Signature%3DBoMUIUuOsNmvrWb1c0Q8jH_T5Cp35Ms_U4wmQ0V8VTLRREDi5YBnmHXjJC7IodtD5p3WMVxHDwZwNMdtD06JBQ&user-agent=okhttp/5.1.0&client-api-header=null&accept-encoding=gzip', '#EXTVLCOPT:http-user-agent=okhttp/5.1.0', '#EXTHTTP:{""Host"": ""bldcmprod-cdn.toffeelive.com"", ""cookie"": ""Edge-Cache-Cookie=URLPrefix=aHR0cHM6Ly9ibGRjbXByb2QtY2RuLnRvZmZlZWxpdmUuY29t:Expires=1788739246:KeyName=prod_linear:Signature=BoMUIUuOsNmvrWb1c0Q8jH_T5Cp35Ms_U4wmQ0V8VTLRREDi5YBnmHXjJC7IodtD5p3WMVxHDwZwNMdtD06JBQ"", ""client-api-header"": ""null"", ""accept-encoding"": ""gzip""}']",OK,
1,13_SM_Combined.m3u,Sony Yay Bangla,Cartoon,3507,,-1,https://yowaimo.in/Sflex-ArtlPVT0719/SONY_yay.m3u8,https://otapp.store/uploads/tv_image/sm/sony-yay-bangla.png,[],FAILED,Cannot connect to host yowaimo.in:443 ssl:False [Temporary failure in name resolution]
1,13_SM_Combined.m3u,Sony Yay!,Cartoon,3507,,-1,https://stream.ottplus.live/live/sony_yay_abr/live/sony_yay_720/chunks.m3u8,https://i.postimg.cc/jSBDsbBX/20240823_021324.png,[],OK,
1,15_IPTV_Org_IN.m3u,Sony Yay! (576p),Animation,SonyYay.in@SD,,-1,http://103.165.93.31:8095/sonyYay/index.m3u8,https://xstreamcp-assets-msp.streamready.in/assets/LIVETV/LIVECHANNEL/LIVETV_LIVETVCHANNEL_SONY_YAY/images/LOGO_HD/image.png,[],OK,
1,12_Sydul104_My.m3u,Spice FM,FM Radio,,,-1,https://stream.spicefmbd.com/stream.m3u8,https://spicefmbd.com/logospice.png,[],OK,
1,13_SM_Combined.m3u,Spice FM,Sm All TV,,,-1,https://stream.spicefmbd.com/stream.m3u8,https://spicefmbd.com/logospice.png,[],OK,
1,15_IPTV_Org_IN.m3u,Spondon (1080p),Entertainment,Spondon.in@SD,,-1,https://nktv.smartstream.video/smartstream-us/spondon/spondon/playlist.m3u8,https://www.spondontv.com/wp-content/uploads/2025/10/cropped-SPONDON_Blue-Violet_1-copy-300x100.png,[],OK,
1,15_IPTV_Org_IN.m3u,Sports Squad Haryana (576p),Sports,SportsSquadHaryana.in@SD,,-1,http://180.188.254.253/live/SPORTSSQUADHARYANA.m3u8,https://papaji.freetvindia.com/media/Sports_Squad_Hariyana.png,[],OK,
1,11_FAST_IPTV_Z.m3u,SRK,Bangladeshi,,,-1,https://srknowapp.ncare.live/srktvhlswodrm/srktv.stream/playlist.m3u8,https://asset.bioscopelive.com/uploads/images/2025/08/11/thumbnails_58ebcef1efcc65837557de15952d2643_goplay_srk_tv_landscape.jpg,[],OK,
1,12_Sydul104_My.m3u,SRK TV,Bangla,,,-1,https://srknowapp.ncare.live/srktvhlswodrm/srktv.stream/tracks-v1a1/mono.m3u8,https://upload.wikimedia.org/wikipedia/en/d/d7/Duronto_TV_Logo.png,[],OK,
1,13_SM_Combined.m3u,SRK TV,Sm All TV,141000,SRK TV,-1,https://srknowapp.ncare.live/srktvhlswodrm/srktv.stream/playlist.m3u8,https://tstatic.akash-go.com/cms-ui/images/custom-content/1746005940155.png,[],OK,
1,13_SM_Combined.m3u,SRK TV,Sm All TV,141000,,-1,https://srknowapp.ncare.live/srktvhlswodrm/srktv.stream/playlist.m3u8,https://tstatic.akash-go.com/cms-ui/images/custom-content/1746005940155.png,[],OK,
1,13_SM_Combined.m3u,Srktv Bangla,Sm All TV,sun194409,,-1,https://srknowapp.ncare.live/srktvhlswodrm/srktv.stream/playlist.m3u8,https://www.lyngsat.com/logo/tv/ss/srk-tv-bd.png,[],OK,
1,00_Live_Streams.m3u,Star Bangla,Misc,2780,,-1,http://103.229.254.25:7001/play/a0eo/index.m3u8,https://raw.githubusercontent.com/BadhanStrom/img/refs/heads/main/Star%20Bangla.png,[],FAILED,"Cannot connect to host 103.229.254.25:7001 ssl:False [Connect call failed ('103.229.254.25', 7001)]"
1,13_SM_Combined.m3u,Star Gold,Sm All TV,156,,-1,http://66.102.126.10:8000/play/a00f/index.m3u8,https://www.tbn24.com/logo.png,[],OK,
1,15_IPTV_Org_IN.m3u,Star Gold 2 (576p),Movies,StarGold2.in@SD,,-1,http://66.102.126.10:8000/play/a00g/index.m3u8,https://i.imgur.com/G0ZfzZr.png,[],OK,
1,15_IPTV_Org_IN.m3u,Star Gold 2 HD (1080p),Movies,StarGold2.in@HD,,-1,http://66.102.126.10:8000/play/a077/index.m3u8,https://i.imgur.com/G0ZfzZr.png,[],OK,
1,00_Live_Streams.m3u,Star Gold HD,Movies,156,,-1,http://202.70.146.135:8000/play/a02a/index.m3u8,http://jiotv.catchup.cdn.jio.com/dare_images/images/Star_Gold_HD.png,[],OK,
1,11_FAST_IPTV_Z.m3u,Star Gold HD,Indian Hindi,156,,-1,http://66.102.126.10:8000/play/a00f/index.m3u8,https://i.postimg.cc/6pCXvxyz/20240823_022553.png,[],OK,
1,15_IPTV_Org_IN.m3u,Star Gold HD (1080p),Movies,StarGold.in@HD,,-1,http://66.102.126.10:8000/play/a00f/index.m3u8,https://i.imgur.com/xC460sj.png,[],OK,
1,15_IPTV_Org_IN.m3u,Star Gold Romance (576p),Movies,StarGoldRomance.in@SD,,-1,http://66.102.126.10:8000/play/a00r/index.m3u8,https://i.imgur.com/gSWv9U3.png,[],OK,
1,00_Live_Streams.m3u,Star Gold Select HD,Movies,1113,,-1,http://202.70.146.135:8000/play/a068/index.m3u8,http://jiotv.catchup.cdn.jio.com/dare_images/images/Star_Gold_HD.png,[],OK,
1,15_IPTV_Org_IN.m3u,Star Gold Select HD (1080p),Movies,StarGoldSelect.in@HD,,-1,http://149.71.34.166:8000/play/a01d/index.m3u8,https://i.imgur.com/U7eiuqv.png,[],FAILED,"Cannot connect to host 149.71.34.166:8000 ssl:False [Connect call failed ('149.71.34.166', 8000)]"
1,11_FAST_IPTV_Z.m3u,Star Gold Selected,Indian Hindi,ts164,,-1,http://66.102.126.10:8000/play/a01s/index.m3u8,https://i.postimg.cc/bYKYDTmy/20240823_023330.png,[],OK,
1,15_IPTV_Org_IN.m3u,Star Gold Thrills (576p),Movies,StarGoldThrills.in@SD,,-1,http://103.253.18.58:8000/play/a00o,https://i.imgur.com/azqtpYh.png,"['#EXTVLCOPT:http-referrer=https://www.hotstar.com/', '#EXTVLCOPT:http-user-agent=Mozilla/5.0 (Windows NT 10.0; Win64; x64) AppleWebKit/537.36 (KHTML, like Gecko) Chrome/129.0.0.0 Safari/537.36']",FAILED,HTTP Error: 403 Forbidden
1,00_Live_Streams.m3u,Star Jalsha,Indian Bangla,317,,-1,https://anet.keralive.workers.dev/v1/master/a0d007312bfd99c47f76b77ae26b1ccdaae76cb1/starjalsha_live_https/index.m3u8,https://i.imgur.com/IlufzR5.png,"['#EXTVLCOPT:http-referrer=https://bhoomtv.me', '#EXTVLCOPT:http-origin=https://bhoomtv.me', '#EXTVLCOPT:http-user-agent=Mozilla/5.0 (Windows NT 10.0; Win64; x64) AppleWebKit/537.36 (KHTML, like Gecko) Chrome/150.0.0.0 Safari/537.36', '#KODIPROP:inputstream=inputstream.adaptive', '#KODIPROP:inputstream.adaptive.manifest_headers=Referer=https://bhoomtv.me&Origin=https://bhoomtv.me&User-Agent=Mozilla/5.0 (Windows NT 10.0; Win64; x64) AppleWebKit/537.36 (KHTML, like Gecko) Chrome/150.0.0.0 Safari/537.36', '#KODIPROP:mimetype=application/dash+xml']",OK,
1,13_SM_Combined.m3u,Star Jalsha,Sm All TV,317,,-1,http://103.151.61.12/Star_Jalsha/tracks-v1a1/mono.m3u8,https://upload.wikimedia.org/wikipedia/commons/e/ef/Star_Jalsha_logo_2023.png?20230625063343,[],FAILED,Connection timeout to host http://103.151.61.12/Star_Jalsha/tracks-v1a1/mono.m3u8
1,14_IPTV_Org_BD.m3u,Star Jalsha (576p) [geo Blocked],Entertainment,StarJalsha.in@SD,,-1,http://cdn98.com/play/live.php?mac=00:1A:79:99:54:11&stream=225805&extension=ts&play_token=o1cczsG9wV,https://i.imgur.com/IlufzR5.png,[],FAILED,HTTP Error: 458 
1,15_IPTV_Org_IN.m3u,Star Jalsha (576p) [geo Blocked],Entertainment,StarJalsha.in@SD,,-1,http://cdn98.com/play/live.php?mac=00:1A:79:99:54:11&stream=225805&extension=ts&play_token=o1cczsG9wV,https://i.imgur.com/IlufzR5.png,[],FAILED,HTTP Error: 458 
1,00_Live_Streams.m3u,Star Jalsha HD,Sm All TV,317,,-1,http://103.182.170.32:8888/play/a046,https://static.wikia.nocookie.net/logopedia/images/a/ac/Star_Jalsha_HD_2019_Chalo_Paltai.png,[],FAILED,"Cannot connect to host 103.182.170.32:8888 ssl:False [Connect call failed ('103.182.170.32', 8888)]"
1,00_Live_Streams.m3u,Star Jalsha HD,Indian Bangla,317,,-1,http://mag.king-4k.cc:80/C1645263A1D245C/1sFTVBSVCP/108868,https://static.wikia.nocookie.net/logopedia/images/a/ac/Star_Jalsha_HD_2019_Chalo_Paltai.png,[],FAILED,HTTP Error: 401 Unauthorized
1,00_Live_Streams.m3u,Star Jalsha HD,Indian Bangla,317,,-1,http://mag.king-4k.cc:80/C1645263A1D245C/1sFTVBSVCP/63525,https://static.wikia.nocookie.net/logopedia/images/a/ac/Star_Jalsha_HD_2019_Chalo_Paltai.png,[],FAILED,HTTP Error: 401 Unauthorized
1,11_FAST_IPTV_Z.m3u,Star Jalsha HD,Indian Bangla,317,,-1,https://da86m1sqpm3o0.cloudfront.net/28072023/smil:starjalsha.smil/chunklist_b1928000.m3u8,https://i.postimg.cc/0ykfppN3/20240822-231405.png,[],OK,
1,12_Sydul104_My.m3u,Star Jalsha HD,Indian Bangla,317,,-1,https://yupptvcatchupire.yuppcdn.net/preview/starjalsha/1800.m3u8,https://static.wikia.nocookie.net/logopedia/images/3/3c/Star_Jalsha_HD.png/revision/latest/scale-to-width-down/250?cb=20180908084350,"['#http://tv.cloudcdn.me/live.ts?channelId=116&uid=8164&deviceMac=00:1A:79:17:D4:A1', '#http://45.127.56.3:6699/live/Corpus-POL1/SRV4/3/STAR-JALSHA/live.mpd']",OK,
1,13_SM_Combined.m3u,Star Jalsha HD,Sm All TV,317,,-1,http://cdn98.com/play/live.php?mac=00%3A1A%3A79%3A99%3A54%3A11&stream=225805&extension=ts&play_token=o1cczsG9wV,https://i.postimg.cc/0ykfppN3/20240822-231405.png,[],FAILED,HTTP Error: 458 
1,13_SM_Combined.m3u,Star Jalsha HD,Sm All TV,317,,-1,https://s3.itcnbd.live/server-4/stream/aHR0cDovLzE3Mi4xOS4xNy4yMzA6ODA5MC9obHMvU3RhckphbHNoYUhELm0zdTg.m3u8,https://static.wikia.nocookie.net/logopedia/images/3/3c/Star_Jalsha_HD.png,"['#http://103.191.99.248:5550/302/index.m3u8', '#https://raw.githubusercontent.com/IPTVFlixBD/OopsTv/refs/heads/main/bn-ch-1/155770.m3u8']",FAILED,HTTP Error: 403 Forbidden
1,14_IPTV_Org_BD.m3u,Star Jalsha HD (720p),Entertainment,StarJalsha.in@HD,,-1,https://da86m1sqpm3o0.cloudfront.net/28072023/smil:starjalsha.smil/chunklist_b1928000.m3u8,https://i.imgur.com/IlufzR5.png,[],OK,
1,15_IPTV_Org_IN.m3u,Star Jalsha HD (720p),Entertainment,StarJalsha.in@HD,,-1,https://da86m1sqpm3o0.cloudfront.net/28072023/smil:starjalsha.smil/chunklist_b1928000.m3u8,https://i.imgur.com/IlufzR5.png,[],OK,
1,12_Sydul104_My.m3u,Star Jalsha SD,Indian Bangla,317,,-1,http://premiumtvs.space/live/1Aoen7elp5/IgMJ60tmAa/8540.ts,https://static.wikia.nocookie.net/logopedia/images/3/3c/Star_Jalsha_HD.png/revision/latest/scale-to-width-down/250?cb=20180908084350,[],OK,
1,15_IPTV_Org_IN.m3u,Star Maa HD (720p),Entertainment,StarMaa.in@HD,,-1,https://da86m1sqpm3o0.cloudfront.net/28072023/smil:starmaa1.smil/chunklist_b2628000.m3u8,https://i.imgur.com/5c9PVS0.png,[],OK,
1,15_IPTV_Org_IN.m3u,Star Maa Movies HD (720p),Movies,StarMaaMovies.in@HD,,-1,https://da86m1sqpm3o0.cloudfront.net/28072023/smil:maamovies.smil/chunklist_b2628000.m3u8,https://dtil.tmsimg.com/assets/s143826_ld_h15_aa.png?lock=720x540,[],OK,
1,13_SM_Combined.m3u,Star Movies,Sm All TV,1104,,-1,http://66.102.126.10:8000/play/a021/index.m3u8,https://i.postimg.cc/yNvkbdL4/1000114150.png,[],OK,
1,00_Live_Streams.m3u,Star Movies HD,Movies,1104,,-1,http://202.70.146.135:8000/play/a06r/index.m3u8,https://i.postimg.cc/yNvkbdL4/1000114150.png,[],OK,
1,12_Sydul104_My.m3u,Star Movies HD,English Movie,1104,,-1,https://d20xuwbyc4yoag.cloudfront.net/v1/master/9d062541f2ff39b5c0f48b743c6411d25f62fc25/DistroTV-MuxIP-CINDIE/387.m3u8,https://i.ibb.co/Ns62bY2/2021-04-22-10-24-01.png,[],FAILED,Cannot connect to host d20xuwbyc4yoag.cloudfront.net:443 ssl:False [No address associated with hostname]
1,13_SM_Combined.m3u,Star Movies HD,Sm All TV,1104,,-1,http://rgkkw.live/live/1Aoen7elp5/IgMJ60tmAa/98842.ts,https://i.ibb.co/Ns62bY2/2021-04-22-10-24-01.png,[],OK,
1,15_IPTV_Org_IN.m3u,Star Movies HD (1080p),Movies,StarMovies.in@HD,,-1,http://66.102.126.10:8000/play/a021/index.m3u8,https://xstreamcp-assets-msp.streamready.in/assets/LIVETV/LIVECHANNEL/LIVETV_LIVETVCHANNEL_STAR_MOVIES/images/LOGO_HD/image.png,[],OK,
1,15_IPTV_Org_IN.m3u,Star Movies Select HD (1080p),Movies,StarMoviesSelect.in@HD,,-1,http://66.102.126.10:8000/play/a020/index.m3u8,https://xstreamcp-assets-msp.streamready.in/assets/LIVETV/LIVECHANNEL/LIVETV_LIVETVCHANNEL_STAR_MOVIES_SELECT_HD/images/LOGO_HD/image.png,[],OK,
1,13_SM_Combined.m3u,Star Plus,Sm All TV,1132,,-1,http://202.70.146.135:8000/play/a009/index.m3u8,https://i.postimg.cc/8k3QXzvt/20240823_022853.png,[],OK,
1,00_Live_Streams.m3u,Star Plus HD,Entertainment,1132,,-1,http://202.70.146.135:8000/play/a009/index.m3u8,https://i.postimg.cc/8k3QXzvt/20240823_022853.png,[],OK,
1,11_FAST_IPTV_Z.m3u,Star Plus HD,Indian Hindi,1132,,-1,http://202.70.146.135:8000/play/a009/index.m3u8,https://i.postimg.cc/8k3QXzvt/20240823_022853.png,[],OK,
1,11_FAST_IPTV_Z.m3u,Star Sports Sl 1,Sports,,,-1,https://flussonic.defineatoz.com/starsportsselect1/tracks-v1/mono.m3u8,https://i.postimg.cc/ZnzgZCLS/20240823_024321.png,[],OK,
1,11_FAST_IPTV_Z.m3u,Star Sports Sl 2,Sports,,,-1,https://flussonic.defineatoz.com/starsportsselect2sw/tracks-v1a1/mono.m3u8,https://i.postimg.cc/rmczbb8g/20240825_060019.png,[],OK,
1,00_Live_Streams.m3u,Star Utsab,Entertainment,,,-1,http://103.175.73.12:8080/live/9/9_0.m3u8,https://static.wikia.nocookie.net/logopedia/images/6/65/Star_utsav.png,[],FAILED,"Cannot connect to host 103.175.73.12:8080 ssl:False [Connect call failed ('103.175.73.12', 8080)]"
1,15_IPTV_Org_IN.m3u,Star Utsav Movies (576p),Movies,StarUtsavMovies.in@SD,,-1,http://149.71.34.166:8000/play/a059/index.m3u8,https://i.imgur.com/k5QHfH2.png,[],FAILED,"Cannot connect to host 149.71.34.166:8000 ssl:False [Connect call failed ('149.71.34.166', 8000)]"
1,00_Live_Streams.m3u,Star Utsob Movies,Movies,,,-1,http://103.175.73.12:8080/live/42/42_0.m3u8,https://www.pngkey.com/png/full/107-1070615_star-utsav-movies-star-utsav-movies-logo-png.png,[],FAILED,Connection timeout to host http://103.175.73.12:8080/live/42/42_0.m3u8
1,13_SM_Combined.m3u,StarPlus HD,Sm All TV,,,-1,http://202.70.146.135:8000/play/a009/index.m3u8,https://jiotv.catchup.cdn.jio.com/dare_images/images/Star_Plus_HD.png,[],OK,
1,15_IPTV_Org_IN.m3u,StarPlus HD (1080i),Entertainment,StarPlus.in@HD,,-1,http://202.70.146.135:8000/play/a009/index.m3u8,https://i.imgur.com/xWxNy3L.png,[],OK,
1,11_FAST_IPTV_Z.m3u,Sun Bangla,Indian Bangla,1669,,-1,https://livestream7.sunnxt.com/bf76ee92dd01473bb2eb57d137294484/SunBanglaB_IN_index.mpd,https://i.postimg.cc/y88mJsQC/20240823_020415.png,"['#KODIPROP:inputstream.adaptive.license_type=clearkey', '#KODIPROP:inputstream.adaptive.license_key=01f7b9f7bf7e425f86d6dfd478390e3f:5fde68100a7856d055038236ffc7c84a']",OK,
1,12_Sydul104_My.m3u,Sun Bangla,Indian Bangla,1669,,-1,http://27.124.71.27/Sun_Bangla/index.m3u8,https://otapp.store/uploads/tv_image/sm/sun-bangla.png,[],OK,
1,13_SM_Combined.m3u,Sun Bangla,Sm All TV,1669,,-1,http://27.124.71.27/Sun_Bangla/index.m3u8,https://i.postimg.cc/y88mJsQC/20240823_020415.png,[],OK,
1,13_SM_Combined.m3u,Sun Bangla,Sm All TV,1669,,-1,http://103.159.180.34:5001/live/1669.m3u8,https://raw.githubusercontent.com/subirkumarpaul/Logo/main/Sun%20Bangla.png,[],OK,
1,15_IPTV_Org_IN.m3u,Super Hungama (576p),Animation,SuperHungama.in@SD,,-1,http://103.185.24.134:3001/SUPER-HUNGAMA/index.m3u8,https://xstreamcp-assets-msp.streamready.in/assets/LIVETV/LIVECHANNEL/LIVETV_LIVETVCHANNEL_SUPER_HUNGAMA/images/LOGO_HD/image.png,[],OK,
1,15_IPTV_Org_IN.m3u,Swaraj Express Smbc (576p),News,SwarajExpressSMBC.in@SD,,-1,https://mumt04.tangotv.in/m18aqlK4SWARAJEXPRESS/index.m3u8,https://jiotvimages.cdn.jio.com/dare_images/images/SMBC_TV.png,[],OK,
1,13_SM_Combined.m3u,T Sport,Sm All TV,,,-1,http://103.185.24.134:3001/TSportsHD/index.m3u8,,[],OK,
1,13_SM_Combined.m3u,T Sports,Sm All TV,,,-1,https://mycoffeetime.net/play/tSDRdsaoGGQ2qYgRPDEe9q-qMIzoahbJArH3W3vOiEaB97nXMpWmLb0Ts759Tjsp/m3u8,https://static.wikia.nocookie.net/etv-gspn-bangla/images/6/6e/T_Sports_HD_logo_2021.png,[],OK,
1,14_IPTV_Org_BD.m3u,T Sports (1080p),Sports,TSports.bd@SD,,-1,https://tvsen5.aynaott.com/TnMn5kZz8aLm/index.m3u8,https://i.imgur.com/2JzlorD.png,[],OK,
1,12_Sydul104_My.m3u,T Sports [1],Sports,,,-1,http://103.165.93.31:8095/tsports/tracks-v1a1a2/mono.m3u8,https://upload.wikimedia.org/wikipedia/en/1/11/T_Sports_logo.png,"['#http://198.195.239.50:8095/tsports/tracks-v1a1/mono.m3u8', '#http://114.130.57.233:8080/T-Sports/tracks-v1a1/mono.m3u8?token=SkQuhAXZxgBan1']",FAILED,HTTP Error: 404 Not Found
1,12_Sydul104_My.m3u,T Sports [2],Sports,,,-1,https://tvsen5.aynaott.com/TnMn5kZz8aLm/tracks-v1a1/mono.ts.m3u8,https://upload.wikimedia.org/wikipedia/en/1/11/T_Sports_logo.png,[],OK,
1,11_FAST_IPTV_Z.m3u,T Sports HD,Sports,,,-1,https://tvsen5.aynaott.com/TnMn5kZz8aLm/index.m3u8,https://i.postimg.cc/Qx3GZn6T/20240823_024117.png,[],OK,
1,13_SM_Combined.m3u,T Sports HD,Sm All TV,,,-1,http://103.158.133.53:8080/viralclub/index.m3u8,https://raw.githubusercontent.com/NmAlifKhan/Channel-Icon/tv/T-Sports.png,[],FAILED,HTTP Error: 404 Not Found
1,13_SM_Combined.m3u,Ten Cricket,Sm All TV,,,-1,https://stream.ottplus.bd/live/ten_cricket_hd_abr/live/ten_cricket_hd_720/chunks.m3u8,"https://assets-prod.services.toffeelive.com/f_png,w_300,q_85/ra2x_pQBrjBfS2_RWG9l/posters/795170c2-ec78-457e-9fa0-54a23d23361c.webp",[],OK,
1,15_IPTV_Org_IN.m3u,The Jungle Book (1080p),Kids,TheJungleBook.in@SD,,-1,https://cc-4bhi5osabejc9.akamaized.net/v1/master/3722c60a815c199d9c0ef36c5b73da68a62b09d1/cc-4bhi5osabejc9/junglebook.m3u8,https://pash.ink/storage/uploads/JungleBook_Logo.png,[],OK,
1,15_IPTV_Org_IN.m3u,The Movie Club (1080p),Movies,TheMovieClub.in@HD,,-1,https://sis-global.prod.samsungtv.plus/v1/tvpprd/sc-mp2ar4ca425xo.m3u8,https://tvpnlogopus.samsungcloud.tv/platform/image/sourcelogo/vc/00/02/34/IN38000072R_20260325T012318SQUARE.png,[],OK,
1,15_IPTV_Org_IN.m3u,The Movie Club +2 (1080p),Movies,TheMovieClub.in@Plus2,,-1,https://d3gnyty2vddhsg.cloudfront.net/v1/master/3722c60a815c199d9c0ef36c5b73da68a62b09d1/pb-ytipwjqub3kf8/TMC2_IN.m3u8?ads.ads_cdn=cf&ads.cdn=cf,https://tvpnlogopus.samsungcloud.tv/platform/image/sourcelogo/vc/00/02/34/IN40000100Y_20260204T004058SQUARE.png,[],OK,
1,15_IPTV_Org_IN.m3u,Times Now Navbharat HD (1080p),News,TimesNowNavbharat.in@HD,,-1,https://yupprestreamliveus.akamaized.net/v1/vglive-sk-717514/main.m3u8,https://xstreamcp-assets-msp.streamready.in/assets/LIVETV/LIVECHANNEL/LIVETV_LIVETVCHANNEL_TIMES_NOW_NAVBHARAT_HD/images/LOGO_HD/image.png,[],OK,
1,00_Live_Streams.m3u,TLC,Toffee,TLC.in,,-1,https://d1g8wgjurz8via.cloudfront.net/bpk-tv/Tlc2/default/manifest.mpd,https://imagesdishtvd2h.whatsonindia.com/dasimages/channel/landscape/360x270/FOvFsIgt.png,[],OK,
1,13_SM_Combined.m3u,TLC,Sm All TV,TLC.in,,-1,http://rgkkw.live:80/live/1Aoen7elp5/IgMJ60tmAa/36.ts,https://assets-prod.services.toffeelive.com/7C6j-JQBv9knK3AHVzUA/posters/e8f84105-5efe-4e91-a0d4-18a0849cf2f2.webp,[],OK,
1,13_SM_Combined.m3u,TLC,Toffee,TLC.in,TLC,-1,https://bldcmprod-cdn.toffeelive.com/cdn/live/tlc_sd/playlist.m3u8,https://assets-prod.services.toffeelive.com/7C6j-JQBv9knK3AHVzUA/posters/e8f84105-5efe-4e91-a0d4-18a0849cf2f2.webp,"['#KODIPROP:inputstream.adaptive.stream_headers=Host=bldcmprod-cdn.toffeelive.com&cookie=Edge-Cache-Cookie%3DURLPrefix%3DaHR0cHM6Ly9ibGRjbXByb2QtY2RuLnRvZmZlZWxpdmUuY29t:Expires%3D1788739246:KeyName%3Dprod_linear:Signature%3DBoMUIUuOsNmvrWb1c0Q8jH_T5Cp35Ms_U4wmQ0V8VTLRREDi5YBnmHXjJC7IodtD5p3WMVxHDwZwNMdtD06JBQ&user-agent=okhttp/5.1.0&client-api-header=null&accept-encoding=gzip', '#EXTVLCOPT:http-user-agent=okhttp/5.1.0', '#EXTHTTP:{""Host"": ""bldcmprod-cdn.toffeelive.com"", ""cookie"": ""Edge-Cache-Cookie=URLPrefix=aHR0cHM6Ly9ibGRjbXByb2QtY2RuLnRvZmZlZWxpdmUuY29t:Expires=1788739246:KeyName=prod_linear:Signature=BoMUIUuOsNmvrWb1c0Q8jH_T5Cp35Ms_U4wmQ0V8VTLRREDi5YBnmHXjJC7IodtD5p3WMVxHDwZwNMdtD06JBQ"", ""client-api-header"": ""null"", ""accept-encoding"": ""gzip""}']",OK,
1,13_SM_Combined.m3u,TLC HD,Toffee,TLC.in,TLC HD,-1,https://bldcmprod-cdn.toffeelive.com/cdn/live/tlc_hd/playlist.m3u8,https://assets-prod.services.toffeelive.com/7S6j-JQBv9knK3AHbzXC/posters/0973097c-bc5c-4b28-aaca-f04d6f6cb5e2.webp,"['#KODIPROP:inputstream.adaptive.stream_headers=Host=bldcmprod-cdn.toffeelive.com&cookie=Edge-Cache-Cookie%3DURLPrefix%3DaHR0cHM6Ly9ibGRjbXByb2QtY2RuLnRvZmZlZWxpdmUuY29t:Expires%3D1788739246:KeyName%3Dprod_linear:Signature%3DBoMUIUuOsNmvrWb1c0Q8jH_T5Cp35Ms_U4wmQ0V8VTLRREDi5YBnmHXjJC7IodtD5p3WMVxHDwZwNMdtD06JBQ&user-agent=okhttp/5.1.0&client-api-header=null&accept-encoding=gzip', '#EXTVLCOPT:http-user-agent=okhttp/5.1.0', '#EXTHTTP:{""Host"": ""bldcmprod-cdn.toffeelive.com"", ""cookie"": ""Edge-Cache-Cookie=URLPrefix=aHR0cHM6Ly9ibGRjbXByb2QtY2RuLnRvZmZlZWxpdmUuY29t:Expires=1788739246:KeyName=prod_linear:Signature=BoMUIUuOsNmvrWb1c0Q8jH_T5Cp35Ms_U4wmQ0V8VTLRREDi5YBnmHXjJC7IodtD5p3WMVxHDwZwNMdtD06JBQ"", ""client-api-header"": ""null"", ""accept-encoding"": ""gzip""}']",OK,
1,13_SM_Combined.m3u,Toffee Movies,Toffee,,Toffee Movies,-1,https://bldcmprod-cdn.toffeelive.com/cdn/live/toffee_movie/playlist.m3u8,https://assets-prod.services.toffeelive.com/b60Ss5UBrjBfS2_RJPb8/posters/c68ede73-0be0-41b7-9130-9628a16f2feb.png,"['#KODIPROP:inputstream.adaptive.stream_headers=Host=bldcmprod-cdn.toffeelive.com&cookie=Edge-Cache-Cookie%3DURLPrefix%3DaHR0cHM6Ly9ibGRjbXByb2QtY2RuLnRvZmZlZWxpdmUuY29t:Expires%3D1788739246:KeyName%3Dprod_linear:Signature%3DBoMUIUuOsNmvrWb1c0Q8jH_T5Cp35Ms_U4wmQ0V8VTLRREDi5YBnmHXjJC7IodtD5p3WMVxHDwZwNMdtD06JBQ&user-agent=okhttp/5.1.0&client-api-header=null&accept-encoding=gzip', '#EXTVLCOPT:http-user-agent=okhttp/5.1.0', '#EXTHTTP:{""Host"": ""bldcmprod-cdn.toffeelive.com"", ""cookie"": ""Edge-Cache-Cookie=URLPrefix=aHR0cHM6Ly9ibGRjbXByb2QtY2RuLnRvZmZlZWxpdmUuY29t:Expires=1788739246:KeyName=prod_linear:Signature=BoMUIUuOsNmvrWb1c0Q8jH_T5Cp35Ms_U4wmQ0V8VTLRREDi5YBnmHXjJC7IodtD5p3WMVxHDwZwNMdtD06JBQ"", ""client-api-header"": ""null"", ""accept-encoding"": ""gzip""}']",OK,
1,13_SM_Combined.m3u,Toffee TV,Toffee,,Toffee TV,-1,https://bldcmprod-cdn.toffeelive.com/cdn/live/toffee_drama/playlist.m3u8,https://assets-prod.services.toffeelive.com/DNMXs5UBm1RY_In7IJ72/posters/737b5c6e-8435-4cd8-81de-16a499fa6f4e.png,"['#KODIPROP:inputstream.adaptive.stream_headers=Host=bldcmprod-cdn.toffeelive.com&cookie=Edge-Cache-Cookie%3DURLPrefix%3DaHR0cHM6Ly9ibGRjbXByb2QtY2RuLnRvZmZlZWxpdmUuY29t:Expires%3D1788739246:KeyName%3Dprod_linear:Signature%3DBoMUIUuOsNmvrWb1c0Q8jH_T5Cp35Ms_U4wmQ0V8VTLRREDi5YBnmHXjJC7IodtD5p3WMVxHDwZwNMdtD06JBQ&user-agent=okhttp/5.1.0&client-api-header=null&accept-encoding=gzip', '#EXTVLCOPT:http-user-agent=okhttp/5.1.0', '#EXTHTTP:{""Host"": ""bldcmprod-cdn.toffeelive.com"", ""cookie"": ""Edge-Cache-Cookie=URLPrefix=aHR0cHM6Ly9ibGRjbXByb2QtY2RuLnRvZmZlZWxpdmUuY29t:Expires=1788739246:KeyName=prod_linear:Signature=BoMUIUuOsNmvrWb1c0Q8jH_T5Cp35Ms_U4wmQ0V8VTLRREDi5YBnmHXjJC7IodtD5p3WMVxHDwZwNMdtD06JBQ"", ""client-api-header"": ""null"", ""accept-encoding"": ""gzip""}']",OK,
1,13_SM_Combined.m3u,Tom & Jary,Cartoon,,,-1,https://live20.bozztv.com/giatvplayout7/giatv-208314/tracks-v1a1/mono.ts.m3u8,https://image.tmdb.org/t/p/w500/pApniCXhegDnhxQda7RcpG8gFP0.jpg,[],OK,
1,11_FAST_IPTV_Z.m3u,Tom & Jerry TV,Kids,,,-1,https://live20.bozztv.com/giatvplayout7/giatv-208314/tracks-v1a1/mono.ts.m3u8,https://image.tmdb.org/t/p/w500/pApniCXhegDnhxQda7RcpG8gFP0.jpg,[],OK,
1,13_SM_Combined.m3u,Tom & Jerry TV,Sm All TV,,,-1,https://live20.bozztv.com/giatvplayout7/giatv-208314/tracks-v1a1/mono.ts.m3u8,https://gia.tv/streams/pptv/208314.jpg,[],OK,
1,12_Sydul104_My.m3u,Tonz Kids,Kids,,,-1,https://cc-hcf2o1ghsvvdu.akamaized.net/v1/master/3722c60a815c199d9c0ef36c5b73da68a62b09d1/cc-hcf2o1ghsvvdu/OTM/OTM_HoorayKids-SCTE_SAMSUNG/playlist.m3u8,https://upload.wikimedia.org/wikipedia/commons/9/93/Nick-logo.png,[],OK,
1,12_Sydul104_My.m3u,Travel XP,Documentary,,,-1,https://travelxp-travelxp-1-eu.rakuten.wurl.tv/playlist.m3u8,https://photos.prnewswire.com/prnfull/20150515/10122924,['#http://11plus.live/live/travelxp/index.m3u8'],OK,
1,13_SM_Combined.m3u,Travel XP Bangla,Sm All TV,,,-1,http://premiumtvs.space/live/YqXTywueEV/damp2purchase/20622.ts,https://i.postimg.cc/Zn6Gyrqn/20240823-024051.png,[],OK,
1,13_SM_Combined.m3u,Travel XP English,Sm All TV,,,-1,https://travelxp-travelxp-1-eu.rakuten.wurl.tv/playlist.m3u8,https://i.postimg.cc/Zn6Gyrqn/20240823-024051.png,[],OK,
1,11_FAST_IPTV_Z.m3u,Travel XP HD,Documentory,,,-1,http://103.159.180.34:5001/live/562.m3u8,https://i.postimg.cc/Zn6Gyrqn/20240823-024051.png,[],OK,
1,15_IPTV_Org_IN.m3u,Travelxp 4K Hdr (2160p) [geo Blocked],Travel,Travelxp.in@4KHDR,,-1,https://deltatesttatasky.akamaized.net/out/i/968284.m3u8,https://xstreamcp-assets-msp.streamready.in/assets/LIVETV/LIVECHANNEL/LIVETV_LIVETVCHANNEL_TRAVELXP/images/LOGO_HD/image.png,[],FAILED,HTTP Error: 403 Forbidden
1,00_Live_Streams.m3u,Travelxp HD,Travel,164,,-1,http://103.159.180.34:5001/live/164.m3u8,https://xstreamcp-assets-msp.streamready.in/assets/LIVETV/LIVECHANNEL/LIVETV_LIVETVCHANNEL_TRAVELXP/images/LOGO_HD/image.png,[],OK,
1,15_IPTV_Org_IN.m3u,Travelxp HD (1080p),Travel,Travelxp.in@HD,,-1,http://stream.mcquack.net/451/index.m3u8,https://xstreamcp-assets-msp.streamready.in/assets/LIVETV/LIVECHANNEL/LIVETV_LIVETVCHANNEL_TRAVELXP/images/LOGO_HD/image.png,[],OK,
1,00_Live_Streams.m3u,Travelxp HD Hindi,Travel,562,,-1,http://103.159.180.34:5001/live/562.m3u8,https://xstreamcp-assets-msp.streamready.in/assets/LIVETV/LIVECHANNEL/LIVETV_LIVETVCHANNEL_TRAVELXP/images/LOGO_HD/image.png,[],OK,
1,15_IPTV_Org_IN.m3u,Travelxp Tamil (576p),Travel,TravelxpTamil.in@SD,,-1,http://103.72.101.252:8080/live/814.m3u8,https://jiotvimages.cdn.jio.com/dare_images/images/Travel_XP_Tamil.png,[],FAILED,Connection timeout to host http://103.72.101.252:8080/live/814.m3u8
1,13_SM_Combined.m3u,Trt World,Toffee,,TRT World,-1,https://bldcmprod-cdn.toffeelive.com/cdn/live/trt_world/playlist.m3u8,https://assets-prod.services.toffeelive.com/1YPq_p8BJIOHmUelSHXc/posters/f65b0273-0f23-4b56-93dd-417224369105.png,"['#KODIPROP:inputstream.adaptive.stream_headers=Host=bldcmprod-cdn.toffeelive.com&cookie=Edge-Cache-Cookie%3DURLPrefix%3DaHR0cHM6Ly9ibGRjbXByb2QtY2RuLnRvZmZlZWxpdmUuY29t:Expires%3D1788739246:KeyName%3Dprod_linear:Signature%3DBoMUIUuOsNmvrWb1c0Q8jH_T5Cp35Ms_U4wmQ0V8VTLRREDi5YBnmHXjJC7IodtD5p3WMVxHDwZwNMdtD06JBQ&user-agent=okhttp/5.1.0&client-api-header=null&accept-encoding=gzip', '#EXTVLCOPT:http-user-agent=okhttp/5.1.0', '#EXTHTTP:{""Host"": ""bldcmprod-cdn.toffeelive.com"", ""cookie"": ""Edge-Cache-Cookie=URLPrefix=aHR0cHM6Ly9ibGRjbXByb2QtY2RuLnRvZmZlZWxpdmUuY29t:Expires=1788739246:KeyName=prod_linear:Signature=BoMUIUuOsNmvrWb1c0Q8jH_T5Cp35Ms_U4wmQ0V8VTLRREDi5YBnmHXjJC7IodtD5p3WMVxHDwZwNMdtD06JBQ"", ""client-api-header"": ""null"", ""accept-encoding"": ""gzip""}']",OK,
1,15_IPTV_Org_IN.m3u,Tv13 Gujarati (480p),News,TV13Gujarati.in@SD,,-1,https://live.wrencdn.in/wrencdn/hls/tv13_web/index.m3u8,https://www.tv13gujarati.com/assets/front/img/footer-logo.jpg,[],OK,
1,15_IPTV_Org_IN.m3u,TV9 Kannada (576p),News,TV9Kannada.in@SD,,-1,https://streams.tangotv.in/TV9KANNADA/ORIGIN/index.m3u8,https://xstreamcp-assets-msp.streamready.in/assets/LIVETV/LIVECHANNEL/LIVETV_LIVETVCHANNEL_TV9_KANNADA/images/LOGO_HD/image.png,[],OK,
1,13_SM_Combined.m3u,Unknown Channel,Ungrouped,,,-1,https://raw.githubusercontent.com/IPTVFlixBD/OopsTv/refs/heads/main/bn-ch-1/1531202.m3u8,,[],OK,
1,15_IPTV_Org_IN.m3u,Weatherspy,Weather,WeatherSpy.in@SD,,-1,https://jukin-weatherspy-2-in.samsung.wurl.tv/playlist.m3u8,https://i.imgur.com/KIEKOt1.png,[],OK,
1,15_IPTV_Org_IN.m3u,World Punjabi TV (1080p),News,WorldPunjabiTV.in@SD,,-1,https://live1.ottlive.co.in/worldpunjabitv/worldpunjabitv/index.m3u8,https://papaji.freetvindia.com/media/World_Punjabi_TV.png,[],OK,
1,11_FAST_IPTV_Z.m3u,Yrf Music,Music,2753,,-1,https://cdn-uw2-prod.tsv2.amagi.tv/linear/amg01412-xiaomiasia-yrfmusic-xiaomi/playlist.m3u8,https://i.postimg.cc/hPFhzrTG/20250529_121624.png,[],OK,
1,15_IPTV_Org_IN.m3u,Yrf Music (1080p),Music,YRFMusic.in@SD,,-1,https://cdn-uw2-prod.tsv2.amagi.tv/linear/amg01412-xiaomiasia-yrfmusic-xiaomi/playlist.m3u8,https://jiotvimages.cdn.jio.com/dare_images/images/YRF_Music.png,[],OK,
1,13_SM_Combined.m3u,ZB Cartoon,Ungrouped,3321,,-1,https://server.zillarbarta.com/zbcatun/video.m3u8,,[],OK,
1,15_IPTV_Org_IN.m3u,ZB Cartoon (1080p),Kids,ZBCartoon.in@HD,,-1,https://server.zillarbarta.com/zbcatun/video.m3u8,https://jiotvimages.cdn.jio.com/dare_images/images/zbcatun.png,[],OK,
1,13_SM_Combined.m3u,ZB Cartoon TV,Sm All TV,3321,,-1,https://server.zillarbarta.com/zbcatun/video.m3u8,https://iili.io/F8gQjJS.png,[],OK,
1,13_SM_Combined.m3u,ZB Cartun TV,Sm All TV,,,-1,https://server.zillarbarta.com/zbcatun/video.m3u8,https://iili.io/F8gQjJS.png,[],OK,
1,11_FAST_IPTV_Z.m3u,ZB Cinema,Indian Hindi,3322,,-1,https://server.zillarbarta.com/ZBCINEMA/index.m3u8,https://i.postimg.cc/L8xzTtQY/k-Ug6WSk.jpg,[],OK,
1,12_Sydul104_My.m3u,ZB Kartun,Kids,,,-1,https://server.zillarbarta.com/zbcatun/tracks-v1a1/mono.ts.m3u8,,[],FAILED,HTTP Error: 404 Not Found
1,15_IPTV_Org_IN.m3u,ZB Music (720p),Music,ZBMusic.in@HD,,-1,https://server.zillarbarta.com/zbmusic/index.m3u8,https://jiotvimages.cdn.jio.com/dare_images/images/zbmusic.png,[],OK,
1,00_Live_Streams.m3u,Zee Action,Toffee,488,,-1,https://d1g8wgjurz8via.cloudfront.net/bpk-tv/Zeeaction/default/main.mpd,https://static.wikia.nocookie.net/logopedia/images/6/65/Zee_Action_%282025%29.svg,[],OK,
1,13_SM_Combined.m3u,Zee Action,Sm All TV,488,,-1,http://rgkkw.live:80/live/1Aoen7elp5/IgMJ60tmAa/967.ts,https://assets-prod.services.toffeelive.com/Pc3RD5YBtpl-Sbt7doxr/posters/d0f337ab-a7e6-4eed-bc7b-7d51fdc70a0f.png,[],OK,
1,13_SM_Combined.m3u,Zee Action,Toffee,488,Zee Action,-1,https://bldcmprod-cdn.toffeelive.com/cdn/live/zee_action/playlist.m3u8,https://assets-prod.services.toffeelive.com/Pc3RD5YBtpl-Sbt7doxr/posters/33d667ae-bcc3-4f6b-b376-76c552136923.png,"['#KODIPROP:inputstream.adaptive.stream_headers=Host=bldcmprod-cdn.toffeelive.com&cookie=Edge-Cache-Cookie%3DURLPrefix%3DaHR0cHM6Ly9ibGRjbXByb2QtY2RuLnRvZmZlZWxpdmUuY29t:Expires%3D1788739246:KeyName%3Dprod_linear:Signature%3DBoMUIUuOsNmvrWb1c0Q8jH_T5Cp35Ms_U4wmQ0V8VTLRREDi5YBnmHXjJC7IodtD5p3WMVxHDwZwNMdtD06JBQ&user-agent=okhttp/5.1.0&client-api-header=null&accept-encoding=gzip', '#EXTVLCOPT:http-user-agent=okhttp/5.1.0', '#EXTHTTP:{""Host"": ""bldcmprod-cdn.toffeelive.com"", ""cookie"": ""Edge-Cache-Cookie=URLPrefix=aHR0cHM6Ly9ibGRjbXByb2QtY2RuLnRvZmZlZWxpdmUuY29t:Expires=1788739246:KeyName=prod_linear:Signature=BoMUIUuOsNmvrWb1c0Q8jH_T5Cp35Ms_U4wmQ0V8VTLRREDi5YBnmHXjJC7IodtD5p3WMVxHDwZwNMdtD06JBQ"", ""client-api-header"": ""null"", ""accept-encoding"": ""gzip""}']",OK,
1,15_IPTV_Org_IN.m3u,Zee Action (576p),Movies,ZeeAction.in@SD,,-1,http://103.175.73.12:8080/live/270/master.m3u8,https://dtil.tmsimg.com/assets/GNLZZGG0022K5ZV.png?lock=720x540,"['#EXTVLCOPT:http-user-agent=Mozilla/5.0 (Windows NT 10.0; Win64; x64) AppleWebKit/537.36 (KHTML, like Gecko) Chrome/147.0.0.0 Safari/537.36']",FAILED,"Cannot connect to host 103.175.73.12:8080 ssl:False [Connect call failed ('103.175.73.12', 8080)]"
1,00_Live_Streams.m3u,Zee Anmol,Toffee,415,,-1,https://d1g8wgjurz8via.cloudfront.net/bpk-tv/Zeeanmol/default/manifest.mpd,https://raw.githubusercontent.com/BadhanStrom/img/refs/heads/main/anmol.png,[],OK,
1,13_SM_Combined.m3u,Zee Anmol,Toffee,415,Zee Anmol,-1,https://bldcmprod-cdn.toffeelive.com/cdn/live/zee_anmol/playlist.m3u8,https://assets-prod.services.toffeelive.com/7x0Jd5YBEef-9-uVv_Gy/posters/f9c07bfc-9fde-40d0-91a1-e28c5840f400.png,"['#KODIPROP:inputstream.adaptive.stream_headers=Host=bldcmprod-cdn.toffeelive.com&cookie=Edge-Cache-Cookie%3DURLPrefix%3DaHR0cHM6Ly9ibGRjbXByb2QtY2RuLnRvZmZlZWxpdmUuY29t:Expires%3D1788739246:KeyName%3Dprod_linear:Signature%3DBoMUIUuOsNmvrWb1c0Q8jH_T5Cp35Ms_U4wmQ0V8VTLRREDi5YBnmHXjJC7IodtD5p3WMVxHDwZwNMdtD06JBQ&user-agent=okhttp/5.1.0&client-api-header=null&accept-encoding=gzip', '#EXTVLCOPT:http-user-agent=okhttp/5.1.0', '#EXTHTTP:{""Host"": ""bldcmprod-cdn.toffeelive.com"", ""cookie"": ""Edge-Cache-Cookie=URLPrefix=aHR0cHM6Ly9ibGRjbXByb2QtY2RuLnRvZmZlZWxpdmUuY29t:Expires=1788739246:KeyName=prod_linear:Signature=BoMUIUuOsNmvrWb1c0Q8jH_T5Cp35Ms_U4wmQ0V8VTLRREDi5YBnmHXjJC7IodtD5p3WMVxHDwZwNMdtD06JBQ"", ""client-api-header"": ""null"", ""accept-encoding"": ""gzip""}']",OK,
1,13_SM_Combined.m3u,Zee Anmol TV,Sm All TV,473,,-1,http://rgkkw.live:80/live/1Aoen7elp5/IgMJ60tmAa/203.ts,https://assets-prod.services.toffeelive.com/7x0Jd5YBEef-9-uVv_Gy/posters/f630a176-73cc-48d7-94cf-69ba0d201b36.png,[],OK,
1,00_Live_Streams.m3u,Zee Anoml Cinema,Movies,,,-1,https://d1g8wgjurz8via.cloudfront.net/bpk-tv/Zeeanmolcinema/default/manifest.mpd,https://raw.githubusercontent.com/BadhanStrom/img/refs/heads/main/Anmol_Cinema.png,[],OK,
1,00_Live_Streams.m3u,Zee Anoml Cinema 2,Movies,,,-1,http://103.175.73.12:8080/live/257/257_0.m3u8,https://raw.githubusercontent.com/BadhanStrom/img/refs/heads/main/Anmol_Cinema_2.png,[],FAILED,"Cannot connect to host 103.175.73.12:8080 ssl:False [Connect call failed ('103.175.73.12', 8080)]"
1,00_Live_Streams.m3u,Zee Bangla,Sm All TV,625,,-1,https://d1g8wgjurz8via.cloudfront.net/bpk-tv/Zeebangla/default/manifest.mpd,https://i.ibb.co.com/fdWwTTrt/ZEE-BANGLA.png,[],OK,
1,00_Live_Streams.m3u,Zee Bangla,Indian Bangla,625,,-1,http://103.159.180.34:5001/live/625.m3u8,https://i.ibb.co.com/fdWwTTrt/ZEE-BANGLA.png,[],OK,
1,13_SM_Combined.m3u,Zee Bangla,Sm All TV,625,,-1,https://stream.ottplus.bd/live/zee_bangla_abr/index.m3u8,https://encrypted-tbn0.gstatic.com/images?q=tbn:ANd9GcT2h7Rov9K9yz6dRM5N81dYq44AUzESD-FpiykR8bVAwg&s=10,[],OK,
1,13_SM_Combined.m3u,Zee Bangla,Sm All TV,625,,-1,http://103.159.180.34:5001/live/625.m3u8,https://imglink.cc/cdn/qonZADSZua.png,[],OK,
1,13_SM_Combined.m3u,Zee Bangla,Toffee,625,Zee Bangla,-1,https://bldcmprod-cdn.toffeelive.com/cdn/live/zee_bangla/playlist.m3u8,https://assets-prod.services.toffeelive.com/kK2aX5UBrjBfS2_RBcKf/posters/ba5dd8dc-4f87-414a-b57f-c9ecdeda5253.png,"['#KODIPROP:inputstream.adaptive.stream_headers=Host=bldcmprod-cdn.toffeelive.com&cookie=Edge-Cache-Cookie%3DURLPrefix%3DaHR0cHM6Ly9ibGRjbXByb2QtY2RuLnRvZmZlZWxpdmUuY29t:Expires%3D1788739246:KeyName%3Dprod_linear:Signature%3DBoMUIUuOsNmvrWb1c0Q8jH_T5Cp35Ms_U4wmQ0V8VTLRREDi5YBnmHXjJC7IodtD5p3WMVxHDwZwNMdtD06JBQ&user-agent=okhttp/5.1.0&client-api-header=null&accept-encoding=gzip', '#EXTVLCOPT:http-user-agent=okhttp/5.1.0', '#EXTHTTP:{""Host"": ""bldcmprod-cdn.toffeelive.com"", ""cookie"": ""Edge-Cache-Cookie=URLPrefix=aHR0cHM6Ly9ibGRjbXByb2QtY2RuLnRvZmZlZWxpdmUuY29t:Expires=1788739246:KeyName=prod_linear:Signature=BoMUIUuOsNmvrWb1c0Q8jH_T5Cp35Ms_U4wmQ0V8VTLRREDi5YBnmHXjJC7IodtD5p3WMVxHDwZwNMdtD06JBQ"", ""client-api-header"": ""null"", ""accept-encoding"": ""gzip""}']",OK,
1,00_Live_Streams.m3u,Zee Bangla Cinema,Toffee,685,,-1,https://d1g8wgjurz8via.cloudfront.net/bpk-tv/Zeebanglacinema/default/manifest.mpd,https://i.ibb.co/VWH2BpsS/ZEE-BANGLA-CINEMA.png,[],FAILED,HTTP Error: 404 Not Found
1,11_FAST_IPTV_Z.m3u,Zee Bangla Cinema,Indian Bangla,685,,-1,https://stream.ottplus.bd/live/zee_bangla_cinema_abr/index.m3u8,https://i.postimg.cc/dtBRtL99/20240822_231732.png,[],OK,
1,12_Sydul104_My.m3u,Zee Bangla Cinema,Indian Bangla,685,,-1,https://d1g8wgjurz8via.cloudfront.net/bpk-tv/ColorsHD/default/ColorsHD.m3u8,https://upload.wikimedia.org/wikipedia/en/thumb/3/31/Zee_Bangla_Cinema.jpeg/200px-Zee_Bangla_Cinema.jpeg,[],OK,
1,13_SM_Combined.m3u,Zee Bangla Cinema,Toffee,685,Zee Bangla Cinema,-1,https://bldcmprod-cdn.toffeelive.com/cdn/live/zee_bangla_cinema/playlist.m3u8,https://assets-prod.services.toffeelive.com/-C7MX5UBv9knK3AHdKOi/posters/e37fef13-9bf3-4ecc-8b74-fca091874fa0.png,"['#KODIPROP:inputstream.adaptive.stream_headers=Host=bldcmprod-cdn.toffeelive.com&cookie=Edge-Cache-Cookie%3DURLPrefix%3DaHR0cHM6Ly9ibGRjbXByb2QtY2RuLnRvZmZlZWxpdmUuY29t:Expires%3D1788739246:KeyName%3Dprod_linear:Signature%3DBoMUIUuOsNmvrWb1c0Q8jH_T5Cp35Ms_U4wmQ0V8VTLRREDi5YBnmHXjJC7IodtD5p3WMVxHDwZwNMdtD06JBQ&user-agent=okhttp/5.1.0&client-api-header=null&accept-encoding=gzip', '#EXTVLCOPT:http-user-agent=okhttp/5.1.0', '#EXTHTTP:{""Host"": ""bldcmprod-cdn.toffeelive.com"", ""cookie"": ""Edge-Cache-Cookie=URLPrefix=aHR0cHM6Ly9ibGRjbXByb2QtY2RuLnRvZmZlZWxpdmUuY29t:Expires=1788739246:KeyName=prod_linear:Signature=BoMUIUuOsNmvrWb1c0Q8jH_T5Cp35Ms_U4wmQ0V8VTLRREDi5YBnmHXjJC7IodtD5p3WMVxHDwZwNMdtD06JBQ"", ""client-api-header"": ""null"", ""accept-encoding"": ""gzip""}']",OK,
1,11_FAST_IPTV_Z.m3u,Zee Bangla HD,Indian Bangla,1977,,-1,https://stream.ottplus.bd/live/zee_bangla_abr/live/zee_bangla_720/index.m3u8,https://i.postimg.cc/5tjSrbLS/20240822-231445.png,[],OK,
1,12_Sydul104_My.m3u,Zee Bangla HD,Indian Bangla,1977,,-1,https://yupptvcatchupire.yuppcdn.net/preview/zeebangla/2500.m3u8,https://dl.dropbox.com/s/8z5yuaoyryedp6l/ZB.jpg,"['#https://d1g8wgjurz8via.cloudfront.net/bpk-tv/Zeebanglahd1/default/zeebanglahd1.m3u8', '#http://tv.cloudcdn.me/live.ts?channelId=120&uid=8164&deviceMac=00:1A:79:17:D4:A1', '#http://bd.ottbd.online:2082/live/rozario859/01327184859/24128.m3u8']",OK,
1,13_SM_Combined.m3u,Zee Bangla HD,Sm All TV,1977,,-1,https://stream.ottplus.bd/live/zee_bangla_abr/live/zee_bangla_720/chunks.m3u8,"https://assets-prod.services.toffeelive.com/f_png,w_300,q_85/kK2aX5UBrjBfS2_RBcKf/posters/ba5dd8dc-4f87-414a-b57f-c9ecdeda5253.png",[],OK,
1,13_SM_Combined.m3u,Zee Bangla HD,Sm All TV,1977,,-1,http://103.159.180.34:5001/live/625.m3u8,https://dl.dropbox.com/s/8z5yuaoyryedp6l/ZB.jpg,[],OK,
1,14_IPTV_Org_BD.m3u,Zee Bangla HD (1080p),Entertainment,ZeeBangla.in@HD,,-1,http://103.165.93.31:8095/zeeBangla/index.m3u8,https://xstreamcp-assets-msp.streamready.in/assets/LIVETV/LIVECHANNEL/LIVETV_LIVETVCHANNEL_ZEE_BANGLA/images/LOGO_HD/LOGO_HD_image.png,[],OK,
1,15_IPTV_Org_IN.m3u,Zee Bangla HD (1080p),Entertainment,ZeeBangla.in@HD,,-1,http://103.165.93.31:8095/zeeBangla/index.m3u8,https://xstreamcp-assets-msp.streamready.in/assets/LIVETV/LIVECHANNEL/LIVETV_LIVETVCHANNEL_ZEE_BANGLA/images/LOGO_HD/LOGO_HD_image.png,[],OK,
1,13_SM_Combined.m3u,Zee Bangla Sonar,Sm All TV,zee-anoml-cinema,,-1,https://stream.ottplus.live/live/zee_bangla_cinema_abr/live/zee_bangla_cinema_720/chunks.m3u8,https://jiotv.catchup.cdn.jio.com/dare_images/images/ZeeBanglaSonar.png,[],OK,
1,13_SM_Combined.m3u,Zee Bangla Sonar,Sm All TV,zee-anoml-cinema,,-1,http://103.159.180.34:5001/live/3476.m3u8,https://jiotv.catchup.cdn.jio.com/dare_images/images/ZeeBanglaSonar.png,[],OK,
1,13_SM_Combined.m3u,Zee Bangla Sonar,Sm All TV,3476,,-1,https://d1g8wgjurz8via.cloudfront.net/bpk-tv/ColorsHD/default/ColorsHD.m3u8,https://jiotvimages.cdn.jio.com/dare_images/images/channel/e7f3e27e90d39b668bb9d1654174c788.png,[],OK,
1,14_IPTV_Org_BD.m3u,Zee Bangla Sonar (576p),Entertainment,ZeeBanglaSonar.in@SD,,-1,https://d1g8wgjurz8via.cloudfront.net/bpk-tv/ColorsHD/default/ColorsHD.m3u8,https://dtil.tmsimg.com/assets/GNLZZGG00287G7K.png?lock=720x540,[],OK,
1,15_IPTV_Org_IN.m3u,Zee Bangla Sonar (576p),Entertainment,ZeeBanglaSonar.in@SD,,-1,https://d1g8wgjurz8via.cloudfront.net/bpk-tv/ColorsHD/default/ColorsHD.m3u8,https://dtil.tmsimg.com/assets/GNLZZGG00287G7K.png?lock=720x540,[],OK,
1,15_IPTV_Org_IN.m3u,Zee Bollymovies (1080p) [geo Blocked],Movies,ZeeBollymovies.in@SD,,-1,https://amg17931-zee-amg17931c8-samsung-th-6526.playouts.now.amagi.tv/playlist.m3u8,https://framerusercontent.com/images/mqfJ18x4jYe0GbZUbxSHsbnWU.png?scale-down-to=512,[],FAILED,Cannot connect to host amg17931-zee-amg17931c8-samsung-th-6526.playouts.now.amagi.tv:443 ssl:False [Name or service not known]
1,15_IPTV_Org_IN.m3u,Zee Bollymovies Australia (1080p) [geo Blocked],Movies,ZeeBollymovies.in@Australia,,-1,https://amg17931-zee-amg17931c8-samsung-au-8871.playouts.now.amagi.tv/playlist.m3u8,https://framerusercontent.com/images/mqfJ18x4jYe0GbZUbxSHsbnWU.png?scale-down-to=512,[],FAILED,Cannot connect to host amg17931-zee-amg17931c8-samsung-au-8871.playouts.now.amagi.tv:443 ssl:False [Name or service not known]
1,11_FAST_IPTV_Z.m3u,Zee Bollywood,Indian Hindi,487,,-1,https://stream.ottplus.live/live/zee_bollywood_abr/index.m3u8,https://i.postimg.cc/52SzwQF1/20251222_220548.png,[],OK,
1,13_SM_Combined.m3u,Zee Bollywood,Toffee,487,Zee Bollywood,-1,https://bldcmprod-cdn.toffeelive.com/cdn/live/zee_bollywood/playlist.m3u8,https://assets-prod.services.toffeelive.com/OnSlPJYBcqxnFHJB6lFX/posters/d9ccb2a6-227f-4a41-8714-efaddab5cf5e.png,"['#KODIPROP:inputstream.adaptive.stream_headers=Host=bldcmprod-cdn.toffeelive.com&cookie=Edge-Cache-Cookie%3DURLPrefix%3DaHR0cHM6Ly9ibGRjbXByb2QtY2RuLnRvZmZlZWxpdmUuY29t:Expires%3D1788739246:KeyName%3Dprod_linear:Signature%3DBoMUIUuOsNmvrWb1c0Q8jH_T5Cp35Ms_U4wmQ0V8VTLRREDi5YBnmHXjJC7IodtD5p3WMVxHDwZwNMdtD06JBQ&user-agent=okhttp/5.1.0&client-api-header=null&accept-encoding=gzip', '#EXTVLCOPT:http-user-agent=okhttp/5.1.0', '#EXTHTTP:{""Host"": ""bldcmprod-cdn.toffeelive.com"", ""cookie"": ""Edge-Cache-Cookie=URLPrefix=aHR0cHM6Ly9ibGRjbXByb2QtY2RuLnRvZmZlZWxpdmUuY29t:Expires=1788739246:KeyName=prod_linear:Signature=BoMUIUuOsNmvrWb1c0Q8jH_T5Cp35Ms_U4wmQ0V8VTLRREDi5YBnmHXjJC7IodtD5p3WMVxHDwZwNMdtD06JBQ"", ""client-api-header"": ""null"", ""accept-encoding"": ""gzip""}']",OK,
1,15_IPTV_Org_IN.m3u,Zee Bollywood (580p),Movies,ZeeBollywood.in@SD,,-1,https://s3.itcnbd.live/channel/a5979fd53c01d1b2.m3u8,https://dtil.tmsimg.com/assets/GNLZZGG0022T6DM.png?lock=720x540,[],FAILED,HTTP Error: 403 Forbidden
1,13_SM_Combined.m3u,Zee Cafe,Toffee,1319,Zee Cafe,-1,https://bldcmprod-cdn.toffeelive.com/cdn/live/zee_cafe_hd/playlist.m3u8,https://assets-prod.services.toffeelive.com/U3QEd5YBcqxnFHJBpYzc/posters/8bc7ae1b-1a46-4b76-bdb1-13c7dbd3a95c.png,"['#KODIPROP:inputstream.adaptive.stream_headers=Host=bldcmprod-cdn.toffeelive.com&cookie=Edge-Cache-Cookie%3DURLPrefix%3DaHR0cHM6Ly9ibGRjbXByb2QtY2RuLnRvZmZlZWxpdmUuY29t:Expires%3D1788739246:KeyName%3Dprod_linear:Signature%3DBoMUIUuOsNmvrWb1c0Q8jH_T5Cp35Ms_U4wmQ0V8VTLRREDi5YBnmHXjJC7IodtD5p3WMVxHDwZwNMdtD06JBQ&user-agent=okhttp/5.1.0&client-api-header=null&accept-encoding=gzip', '#EXTVLCOPT:http-user-agent=okhttp/5.1.0', '#EXTHTTP:{""Host"": ""bldcmprod-cdn.toffeelive.com"", ""cookie"": ""Edge-Cache-Cookie=URLPrefix=aHR0cHM6Ly9ibGRjbXByb2QtY2RuLnRvZmZlZWxpdmUuY29t:Expires=1788739246:KeyName=prod_linear:Signature=BoMUIUuOsNmvrWb1c0Q8jH_T5Cp35Ms_U4wmQ0V8VTLRREDi5YBnmHXjJC7IodtD5p3WMVxHDwZwNMdtD06JBQ"", ""client-api-header"": ""null"", ""accept-encoding"": ""gzip""}']",OK,
1,15_IPTV_Org_IN.m3u,Zee Cafe HD (1080p),Series,ZeeCafe.in@HD,,-1,http://103.72.101.252:8080/live/1319.m3u8,https://dtil.tmsimg.com/assets/GNLZZGG0022ZMMH.png?lock=720x540,[],FAILED,Connection timeout to host http://103.72.101.252:8080/live/1319.m3u8
1,15_IPTV_Org_IN.m3u,Zee Cine Classic (1080p),Classic,ZeeCineClassic.in@SD,,-1,https://amg00862-amg00862c8-amgplt0173.playout.now3.amagi.tv/playlist/amg00862-amg00862c8-amgplt0173/playlist.m3u8,https://i.imgur.com/QCRhS1n.png,[],FAILED,HTTP Error: 403 Forbidden
1,00_Live_Streams.m3u,Zee Cinema,Hindi,484,,-1,https://d1g8wgjurz8via.cloudfront.net/bpk-tv/Zeecinema/default/manifest.mpd,https://images.fubo.tv/channel-config-ui/station-logos/on-white/zee-cinema-color.png,[],FAILED,HTTP Error: 404 Not Found
1,00_Live_Streams.m3u,Zee Cinema,Movies,484,,-1,https://d1g8wgjurz8via.cloudfront.net/bpk-tv/NGCHD/default/NGCHD.m3u8,https://images.fubo.tv/channel-config-ui/station-logos/on-white/zee-cinema-color.png,[],OK,
1,12_Sydul104_My.m3u,Zee Cinema,Hindi,484,,-1,https://stream.ottplus.bd/live/zee_cinema_hd_abr/live/zee_cinema_hd_720/chunks.m3u8,https://akamaividz2.zee5.com/image/upload/resources/0-9-zeecinemahd/list/09zeecinemahdzeecinemahd.jpg,[],OK,
1,15_IPTV_Org_IN.m3u,Zee Cinema (576p),Movies,ZeeCinema.in@SD,,-1,https://d1g8wgjurz8via.cloudfront.net/bpk-tv/NGCHD/default/NGCHD.m3u8,https://xstreamcp-assets-msp.streamready.in/assets/LIVETV/LIVECHANNEL/LIVETV_LIVETVCHANNEL_ZEE_CINEMA/images/LOGO_HD/LOGO_HD_image.png,[],OK,
1,00_Live_Streams.m3u,Zee Cinema HD,Toffee,165,,-1,https://d1g8wgjurz8via.cloudfront.net/bpk-tv/Zeecinemahd/default/manifest.mpd,https://divign0fdw3sv.cloudfront.net/Images/ChannelLogo/contenthub/490_144.png,[],OK,
1,11_FAST_IPTV_Z.m3u,Zee Cinema HD,Indian Hindi,165,,-1,https://stream.ottplus.live/live/zee_cinema_hd_abr/index.m3u8,https://i.postimg.cc/VN1c9Ztw/20240823_022636.png,[],OK,
1,12_Sydul104_My.m3u,Zee Cinema HD,Hindi,165,,-1,https://d1g8wgjurz8via.cloudfront.net/bpk-tv/Zeecinemahd/default/manifest.mpd,https://akamaividz2.zee5.com/image/upload/resources/0-9-zeecinemahd/list/09zeecinemahdzeecinemahd.jpg,[],OK,
1,13_SM_Combined.m3u,Zee Cinema HD,Toffee,165,Zee Cinema HD,-1,https://bldcmprod-cdn.toffeelive.com/cdn/live/zee_cinema_hd/playlist.m3u8,https://assets-prod.services.toffeelive.com/5y7HX5UBv9knK3AHs6Nk/posters/7582fb79-c15f-4247-ba5b-1d2dd27f3d71.png,"['#KODIPROP:inputstream.adaptive.stream_headers=Host=bldcmprod-cdn.toffeelive.com&cookie=Edge-Cache-Cookie%3DURLPrefix%3DaHR0cHM6Ly9ibGRjbXByb2QtY2RuLnRvZmZlZWxpdmUuY29t:Expires%3D1788739246:KeyName%3Dprod_linear:Signature%3DBoMUIUuOsNmvrWb1c0Q8jH_T5Cp35Ms_U4wmQ0V8VTLRREDi5YBnmHXjJC7IodtD5p3WMVxHDwZwNMdtD06JBQ&user-agent=okhttp/5.1.0&client-api-header=null&accept-encoding=gzip', '#EXTVLCOPT:http-user-agent=okhttp/5.1.0', '#EXTHTTP:{""Host"": ""bldcmprod-cdn.toffeelive.com"", ""cookie"": ""Edge-Cache-Cookie=URLPrefix=aHR0cHM6Ly9ibGRjbXByb2QtY2RuLnRvZmZlZWxpdmUuY29t:Expires=1788739246:KeyName=prod_linear:Signature=BoMUIUuOsNmvrWb1c0Q8jH_T5Cp35Ms_U4wmQ0V8VTLRREDi5YBnmHXjJC7IodtD5p3WMVxHDwZwNMdtD06JBQ"", ""client-api-header"": ""null"", ""accept-encoding"": ""gzip""}']",OK,
1,15_IPTV_Org_IN.m3u,Zee Cinema HD (1080p),Movies,ZeeCinema.in@HD,,-1,http://103.72.101.252:8080/live/165.m3u8,https://xstreamcp-assets-msp.streamready.in/assets/LIVETV/LIVECHANNEL/LIVETV_LIVETVCHANNEL_ZEE_CINEMA/images/LOGO_HD/LOGO_HD_image.png,[],FAILED,Connection timeout to host http://103.72.101.252:8080/live/165.m3u8
1,15_IPTV_Org_IN.m3u,Zee Kannada HD (1080p),Entertainment,ZeeKannada.in@HD,,-1,https://yuppnimresmum.akamaized.net/28072023/smil:zeekannadahd.smil/playlist.m3u8?hdnts=st=1735898689~exp=1835898688~acl=*~hmac=f5fe24724fe05481e3841f9eb5ab8efdee0a3dd83645ae9dcf45703f525bab7b,https://xstreamcp-assets-msp.streamready.in/assets/LIVETV/LIVECHANNEL/LIVETV_LIVETVCHANNEL_ZEE_KANNADA_HD/images/LOGO_HD/LOGO_HD_image.png,[],OK,
1,15_IPTV_Org_IN.m3u,Zee Marathi HD (720p),Entertainment,ZeeMarathi.in@HD,,-1,https://raw.githubusercontent.com/amazeyourself/adaptive-streams/refs/heads/main/streams/in/YuppTV/ZeeMarathiHD.m3u8,https://xstreamcp-assets-msp.streamready.in/assets/LIVETV/LIVECHANNEL/LIVETV_LIVETVCHANNEL_ZEE_MARATHI/images/LOGO_HD/LOGO_HD_image.png,[],OK,
1,15_IPTV_Org_IN.m3u,Zee Tamil HD (720p),Entertainment,ZeeTamil.in@HD,,-1,https://da86m1sqpm3o0.cloudfront.net/28072023/smil:zeetamil1.smil/playlist.m3u8,https://dtil.tmsimg.com/assets/GNLZZGG00233WCL.png?lock=720x540,[],OK,
1,00_Live_Streams.m3u,Zee TV,Indian Hindi,1351,,-1,https://d1g8wgjurz8via.cloudfront.net/bpk-tv/Zeetv/default/manifest.mpd,https://static.wikia.nocookie.net/logopedia/images/9/95/Zee_TV_2025.svg,[],OK,
1,11_FAST_IPTV_Z.m3u,Zee TV,Indian Hindi,1351,,-1,https://stream.ottplus.live/live/zee_tv_hd_abr/index.m3u8,https://i.postimg.cc/x8BwX6QW/20240823_022929.png,[],OK,
1,00_Live_Streams.m3u,Zee TV HD,Toffee,167,,-1,https://d1g8wgjurz8via.cloudfront.net/bpk-tv/Zeetvhd/default/index.mpd,https://static.wikia.nocookie.net/logopedia/images/6/68/Zee_TV_HD_2025.svg,[],OK,
1,13_SM_Combined.m3u,Zee TV HD,Toffee,167,Zee TV HD,-1,https://bldcmprod-cdn.toffeelive.com/cdn/live/zee_tv_hd/playlist.m3u8,https://assets-prod.services.toffeelive.com/ltPQX5UBm1RY_In7b3F1/posters/d039d9df-9877-4969-a0b6-56888ebe2385.png,"['#KODIPROP:inputstream.adaptive.stream_headers=Host=bldcmprod-cdn.toffeelive.com&cookie=Edge-Cache-Cookie%3DURLPrefix%3DaHR0cHM6Ly9ibGRjbXByb2QtY2RuLnRvZmZlZWxpdmUuY29t:Expires%3D1788739246:KeyName%3Dprod_linear:Signature%3DBoMUIUuOsNmvrWb1c0Q8jH_T5Cp35Ms_U4wmQ0V8VTLRREDi5YBnmHXjJC7IodtD5p3WMVxHDwZwNMdtD06JBQ&user-agent=okhttp/5.1.0&client-api-header=null&accept-encoding=gzip', '#EXTVLCOPT:http-user-agent=okhttp/5.1.0', '#EXTHTTP:{""Host"": ""bldcmprod-cdn.toffeelive.com"", ""cookie"": ""Edge-Cache-Cookie=URLPrefix=aHR0cHM6Ly9ibGRjbXByb2QtY2RuLnRvZmZlZWxpdmUuY29t:Expires=1788739246:KeyName=prod_linear:Signature=BoMUIUuOsNmvrWb1c0Q8jH_T5Cp35Ms_U4wmQ0V8VTLRREDi5YBnmHXjJC7IodtD5p3WMVxHDwZwNMdtD06JBQ"", ""client-api-header"": ""null"", ""accept-encoding"": ""gzip""}']",OK,
1,15_IPTV_Org_IN.m3u,Zee TV HD (720p) [geo Blocked],Entertainment,ZeeTV.in@HD,,-1,http://41.205.93.154/ZEE-TV/index.m3u8,https://xstreamcp-assets-msp.streamready.in/assets/LIVETV/LIVECHANNEL/LIVETV_LIVETVCHANNEL_ZEE_TV/images/LOGO_HD/LOGO_HD_image.png,[],OK,
1,00_Live_Streams.m3u,Zing,Toffee,585,,-1,https://d1g8wgjurz8via.cloudfront.net/bpk-tv/Zing/default/manifest.mpd,https://static.wikia.nocookie.net/logopedia/images/d/d8/Zing_%282025%29.svg,[],OK,
1,13_SM_Combined.m3u,Zing,Toffee,585,Zing,-1,https://bldcmprod-cdn.toffeelive.com/cdn/live/zing_sd/playlist.m3u8,https://assets-prod.services.toffeelive.com/DK8dd5YBrjBfS2_Ru22e/posters/a4e57fd0-1853-4540-a9bc-0265ee43b5cb.png,"['#KODIPROP:inputstream.adaptive.stream_headers=Host=bldcmprod-cdn.toffeelive.com&cookie=Edge-Cache-Cookie%3DURLPrefix%3DaHR0cHM6Ly9ibGRjbXByb2QtY2RuLnRvZmZlZWxpdmUuY29t:Expires%3D1788739246:KeyName%3Dprod_linear:Signature%3DBoMUIUuOsNmvrWb1c0Q8jH_T5Cp35Ms_U4wmQ0V8VTLRREDi5YBnmHXjJC7IodtD5p3WMVxHDwZwNMdtD06JBQ&user-agent=okhttp/5.1.0&client-api-header=null&accept-encoding=gzip', '#EXTVLCOPT:http-user-agent=okhttp/5.1.0', '#EXTHTTP:{""Host"": ""bldcmprod-cdn.toffeelive.com"", ""cookie"": ""Edge-Cache-Cookie=URLPrefix=aHR0cHM6Ly9ibGRjbXByb2QtY2RuLnRvZmZlZWxpdmUuY29t:Expires=1788739246:KeyName=prod_linear:Signature=BoMUIUuOsNmvrWb1c0Q8jH_T5Cp35Ms_U4wmQ0V8VTLRREDi5YBnmHXjJC7IodtD5p3WMVxHDwZwNMdtD06JBQ"", ""client-api-header"": ""null"", ""accept-encoding"": ""gzip""}']",OK,
1,15_IPTV_Org_IN.m3u,Zing! (576p),Music,Zing.in@SD,,-1,http://103.72.101.252:8080/live/585.m3u8,https://dtil.tmsimg.com/assets/GNLZZGG0025L26R.png?lock=720x540,[],FAILED,Connection timeout to host http://103.72.101.252:8080/live/585.m3u8
1,13_SM_Combined.m3u,Zoo Moo,Cartoon,,,-1,https://amg01553-blueantmediaasi-zoomoonz-samsungnz-rdufn.amagi.tv/playlist/amg01553-blueantmediaasi-zoomoonz-samsungnz/playlist.m3u8,,[],OK,
1,00_Live_Streams.m3u,Zoom,Music,Zoom.in,,-1,https://d1g8wgjurz8via.cloudfront.net/bpk-tv/Zoom2/default/manifest.mpd,https://imagesdishtvd2h.whatsonindia.com/dasimages/channel/landscape/360x270/jLvKrs62.png,[],OK,
1,12_Sydul104_My.m3u,Zoom,Music,Zoom.in,,-1,https://pubads.g.doubleclick.net/ssai/event/JCAm25qkRXiKcK1AJMlvKQ/master.m3u8,https://i.pinimg.com/originals/45/7e/3a/457e3aaf075e58defea4d9455fd79004.jpg,"['#https://d75dqofg5kmfk.cloudfront.net/bpk-tv/Zoom/default/zoom.m3u8', '#http://xtv.ooo:8080/danyear12/am809100/66190', '#https://d35j504z0x2vu2.cloudfront.net/v1/master/0bc8e8376bd8417a1b6761138aa41c26c7309312/zoom-tv/master.m3u8']",OK,
1,13_SM_Combined.m3u,Zoom,Sm All TV,Zoom.in,,-1,https://d2esfk1pb9cdob.cloudfront.net/master.m3u8,https://otapp.store/uploads/tv_image/sm/zoom.png,[],OK,
1,15_IPTV_Org_IN.m3u,Zoom (720p),Music,Zoom.in@SD,,-1,https://dai.google.com/linear/hls/event/JCAm25qkRXiKcK1AJMlvKQ/master.m3u8,https://xstreamcp-assets-msp.streamready.in/assets/LIVETV/LIVECHANNEL/LIVETV_LIVETVCHANNEL_ZOOM/images/LOGO_HD/image.png,[],OK,
1,15_IPTV_Org_IN.m3u,Zoom Global (720p),Music,Zoom.in@Global,,-1,https://d14c63magvk61v.cloudfront.net/strm/channels/zoom/master.m3u8,https://xstreamcp-assets-msp.streamready.in/assets/LIVETV/LIVECHANNEL/LIVETV_LIVETVCHANNEL_ZOOM/images/LOGO_HD/image.png,[],FAILED,Cannot connect to host d14c63magvk61v.cloudfront.net:443 ssl:False [No address associated with hostname]
